Dataset Type,Dataset,Model,Conformal Score,Method,Alpha Bias,LD1,LD2,Accuracy,90% Coverage,Prediction Size (90% Coverage),95% Coverage,Prediction Size (95% Coverage),Accuracy_mean,Prediction_Size_90_mean,Coverage_90_mean
biased,citeseer,APPNP,aps,CJS,0.1,0.1,0.1,0.6158 ± 0.0188,0.9020 ± 0.0008,2.9465 ± 0.1291,0.9518 ± 0.0005,3.8806 ± 0.1169,0.6158,2.9465,0.902
biased,citeseer,APPNP,aps,CKL,0.1,0.1,0.1,0.6156 ± 0.0255,0.9019 ± 0.0006,2.9300 ± 0.0776,0.9517 ± 0.0004,3.8817 ± 0.0908,0.6156,2.93,0.9019
biased,citeseer,APPNP,aps,jsd,0.1,0.1,0.1,0.6079 ± 0.0204,0.9025 ± 0.0008,3.2198 ± 0.0999,0.9520 ± 0.0004,3.9833 ± 0.1080,0.6079,3.2198,0.9025
biased,citeseer,APPNP,aps,SRGNN,0.1,0.1,0.1,0.6257 ± 0.0227,0.9025 ± 0.0005,2.9716 ± 0.0778,0.9520 ± 0.0007,3.8812 ± 0.1051,0.6257,2.9716,0.9025
biased,citeseer,APPNP,aps,CJS,0.1,0.1,0.3,0.6218 ± 0.0151,0.9022 ± 0.0005,2.9317 ± 0.0916,0.9518 ± 0.0004,3.8391 ± 0.1298,0.6218,2.9317,0.9022
biased,citeseer,APPNP,aps,CKL,0.1,0.1,0.3,0.6242 ± 0.0168,0.9019 ± 0.0005,2.8981 ± 0.0798,0.9516 ± 0.0003,3.8358 ± 0.1122,0.6242,2.8981,0.9019
biased,citeseer,APPNP,aps,jsd,0.1,0.1,0.3,0.6098 ± 0.0238,0.9025 ± 0.0007,3.2095 ± 0.1128,0.9521 ± 0.0004,3.9814 ± 0.1094,0.6098,3.2095,0.9025
biased,citeseer,APPNP,aps,SRGNN,0.1,0.1,0.3,0.6206 ± 0.0210,0.9021 ± 0.0005,2.9067 ± 0.0905,0.9517 ± 0.0006,3.8195 ± 0.1114,0.6206,2.9067,0.9021
biased,citeseer,APPNP,aps,CJS,0.1,0.1,0.5,0.6304 ± 0.0152,0.9020 ± 0.0008,2.9072 ± 0.0795,0.9514 ± 0.0005,3.8145 ± 0.1202,0.6304,2.9072,0.902
biased,citeseer,APPNP,aps,CKL,0.1,0.1,0.5,0.6223 ± 0.0193,0.9022 ± 0.0010,2.9360 ± 0.1015,0.9521 ± 0.0005,3.8759 ± 0.1096,0.6223,2.936,0.9022
biased,citeseer,APPNP,aps,jsd,0.1,0.1,0.5,0.6091 ± 0.0193,0.9023 ± 0.0008,3.1768 ± 0.0840,0.9519 ± 0.0005,3.9526 ± 0.0968,0.6091,3.1768,0.9023
biased,citeseer,APPNP,aps,SRGNN,0.1,0.1,0.5,0.6251 ± 0.0204,0.9021 ± 0.0007,2.9630 ± 0.0990,0.9516 ± 0.0005,3.8564 ± 0.1417,0.6251,2.963,0.9021
biased,citeseer,APPNP,aps,CJS,0.1,0.1,0.7,0.6158 ± 0.0196,0.9020 ± 0.0006,2.9417 ± 0.0997,0.9519 ± 0.0007,3.8695 ± 0.1082,0.6158,2.9417,0.902
biased,citeseer,APPNP,aps,CKL,0.1,0.1,0.7,0.6223 ± 0.0196,0.9020 ± 0.0008,2.9368 ± 0.0572,0.9518 ± 0.0006,3.8412 ± 0.1060,0.6223,2.9368,0.902
biased,citeseer,APPNP,aps,jsd,0.1,0.1,0.7,0.6011 ± 0.0175,0.9021 ± 0.0008,3.1844 ± 0.1275,0.9520 ± 0.0005,3.9494 ± 0.1193,0.6011,3.1844,0.9021
biased,citeseer,APPNP,aps,SRGNN,0.1,0.1,0.7,0.6125 ± 0.0182,0.9016 ± 0.0008,2.9004 ± 0.0680,0.9519 ± 0.0006,3.8329 ± 0.0925,0.6125,2.9004,0.9016
biased,citeseer,APPNP,aps,cmd,0.1,0.1,0.0,0.6180 ± 0.0243,0.9020 ± 0.0007,2.9452 ± 0.0731,0.9519 ± 0.0006,3.8746 ± 0.1024,0.618,2.9452,0.902
biased,citeseer,APPNP,aps,kld,0.1,0.1,0.0,0.6190 ± 0.0231,0.9018 ± 0.0004,3.1422 ± 0.0491,0.9521 ± 0.0004,3.9504 ± 0.0683,0.619,3.1422,0.9018
biased,citeseer,APPNP,aps,MMD,0.1,0.1,0.0,0.5937 ± 0.0164,0.9023 ± 0.0007,3.2363 ± 0.0865,0.9521 ± 0.0005,4.0105 ± 0.0873,0.5937,3.2363,0.9023
biased,citeseer,APPNP,aps,CJS,0.1,0.1,1.0,0.6221 ± 0.0107,0.9021 ± 0.0006,2.9434 ± 0.0737,0.9516 ± 0.0005,3.8625 ± 0.1382,0.6221,2.9434,0.9021
biased,citeseer,APPNP,aps,CKL,0.1,0.1,1.0,0.6319 ± 0.0226,0.9024 ± 0.0007,2.9433 ± 0.0925,0.9519 ± 0.0005,3.9054 ± 0.1092,0.6319,2.9433,0.9024
biased,citeseer,APPNP,aps,jsd,0.1,0.1,1.0,0.6030 ± 0.0154,0.9022 ± 0.0008,3.1962 ± 0.0889,0.9517 ± 0.0004,3.9605 ± 0.1082,0.603,3.1962,0.9022
biased,citeseer,APPNP,aps,SRGNN,0.1,0.1,1.0,0.6187 ± 0.0133,0.9021 ± 0.0007,2.9612 ± 0.1491,0.9517 ± 0.0007,3.8444 ± 0.1911,0.6187,2.9612,0.9021
biased,citeseer,APPNP,aps,CJS,0.1,0.3,0.1,0.6147 ± 0.0230,0.9021 ± 0.0006,3.0040 ± 0.0922,0.9519 ± 0.0005,3.9449 ± 0.1380,0.6147,3.004,0.9021
biased,citeseer,APPNP,aps,CKL,0.1,0.3,0.1,0.6121 ± 0.0317,0.9019 ± 0.0007,2.9831 ± 0.0894,0.9515 ± 0.0006,3.9008 ± 0.1278,0.6121,2.9831,0.9019
biased,citeseer,APPNP,aps,jsd,0.1,0.3,0.1,0.5986 ± 0.0173,0.9023 ± 0.0008,3.2340 ± 0.1505,0.9521 ± 0.0004,4.0008 ± 0.1420,0.5986,3.234,0.9023
biased,citeseer,APPNP,aps,SRGNN,0.1,0.3,0.1,0.6186 ± 0.0236,0.9025 ± 0.0007,3.0092 ± 0.1192,0.9519 ± 0.0005,3.9256 ± 0.1575,0.6186,3.0092,0.9025
biased,citeseer,APPNP,aps,CJS,0.1,0.3,0.3,0.6107 ± 0.0260,0.9022 ± 0.0006,2.9899 ± 0.1078,0.9519 ± 0.0004,3.9194 ± 0.1399,0.6107,2.9899,0.9022
biased,citeseer,APPNP,aps,CKL,0.1,0.3,0.3,0.6213 ± 0.0171,0.9025 ± 0.0006,3.0271 ± 0.1212,0.9517 ± 0.0007,3.9579 ± 0.1682,0.6213,3.0271,0.9025
biased,citeseer,APPNP,aps,jsd,0.1,0.3,0.3,0.6051 ± 0.0123,0.9019 ± 0.0007,3.1634 ± 0.1004,0.9519 ± 0.0003,3.9312 ± 0.0801,0.6051,3.1634,0.9019
biased,citeseer,APPNP,aps,SRGNN,0.1,0.3,0.3,0.6162 ± 0.0280,0.9018 ± 0.0006,2.9784 ± 0.1194,0.9517 ± 0.0007,3.9025 ± 0.1856,0.6162,2.9784,0.9018
biased,citeseer,APPNP,aps,CJS,0.1,0.3,0.5,0.6020 ± 0.0160,0.9026 ± 0.0003,3.0069 ± 0.1424,0.9520 ± 0.0006,3.9119 ± 0.1822,0.602,3.0069,0.9026
biased,citeseer,APPNP,aps,CKL,0.1,0.3,0.5,0.6034 ± 0.0211,0.9019 ± 0.0007,2.9979 ± 0.1196,0.9518 ± 0.0004,3.9053 ± 0.1512,0.6034,2.9979,0.9019
biased,citeseer,APPNP,aps,jsd,0.1,0.3,0.5,0.6059 ± 0.0141,0.9026 ± 0.0009,3.2346 ± 0.1155,0.9521 ± 0.0004,4.0012 ± 0.1120,0.6059,3.2346,0.9026
biased,citeseer,APPNP,aps,SRGNN,0.1,0.3,0.5,0.6091 ± 0.0205,0.9023 ± 0.0005,3.0098 ± 0.1212,0.9519 ± 0.0006,3.8996 ± 0.1700,0.6091,3.0098,0.9023
biased,citeseer,APPNP,aps,CJS,0.1,0.3,0.7,0.6136 ± 0.0162,0.9023 ± 0.0005,3.0028 ± 0.1147,0.9516 ± 0.0004,3.9226 ± 0.1432,0.6136,3.0028,0.9023
biased,citeseer,APPNP,aps,CKL,0.1,0.3,0.7,0.6103 ± 0.0297,0.9022 ± 0.0006,2.9729 ± 0.1269,0.9518 ± 0.0006,3.9102 ± 0.1633,0.6103,2.9729,0.9022
biased,citeseer,APPNP,aps,jsd,0.1,0.3,0.7,0.6079 ± 0.0192,0.9023 ± 0.0009,3.1714 ± 0.1170,0.9519 ± 0.0005,3.9517 ± 0.0993,0.6079,3.1714,0.9023
biased,citeseer,APPNP,aps,SRGNN,0.1,0.3,0.7,0.6134 ± 0.0208,0.9025 ± 0.0006,2.9710 ± 0.1081,0.9521 ± 0.0008,3.9066 ± 0.0960,0.6134,2.971,0.9025
biased,citeseer,APPNP,aps,cmd,0.1,0.3,0.0,0.6099 ± 0.0248,0.9023 ± 0.0007,2.9511 ± 0.0867,0.9519 ± 0.0005,3.8558 ± 0.0968,0.6099,2.9511,0.9023
biased,citeseer,APPNP,aps,kld,0.1,0.3,0.0,0.5991 ± 0.0205,0.9021 ± 0.0008,3.2131 ± 0.1374,0.9520 ± 0.0005,3.9770 ± 0.1334,0.5991,3.2131,0.9021
biased,citeseer,APPNP,aps,MMD,0.1,0.3,0.0,0.6043 ± 0.0141,0.9026 ± 0.0007,3.2672 ± 0.1055,0.9522 ± 0.0004,4.0481 ± 0.1135,0.6043,3.2672,0.9026
biased,citeseer,APPNP,aps,CJS,0.1,0.3,1.0,0.6065 ± 0.0240,0.9023 ± 0.0007,3.0719 ± 0.1886,0.9518 ± 0.0005,4.0064 ± 0.2142,0.6065,3.0719,0.9023
biased,citeseer,APPNP,aps,CKL,0.1,0.3,1.0,0.6134 ± 0.0341,0.9022 ± 0.0005,2.9791 ± 0.0774,0.9519 ± 0.0005,3.8944 ± 0.1052,0.6134,2.9791,0.9022
biased,citeseer,APPNP,aps,jsd,0.1,0.3,1.0,0.6025 ± 0.0199,0.9020 ± 0.0009,3.1369 ± 0.0769,0.9519 ± 0.0006,3.9107 ± 0.0795,0.6025,3.1369,0.902
biased,citeseer,APPNP,aps,SRGNN,0.1,0.3,1.0,0.6091 ± 0.0267,0.9021 ± 0.0008,2.9888 ± 0.0819,0.9517 ± 0.0007,3.9027 ± 0.1237,0.6091,2.9888,0.9021
biased,citeseer,APPNP,aps,CJS,0.1,0.5,0.1,0.6048 ± 0.0303,0.9022 ± 0.0007,3.0142 ± 0.1171,0.9518 ± 0.0006,3.9553 ± 0.1396,0.6048,3.0142,0.9022
biased,citeseer,APPNP,aps,CKL,0.1,0.5,0.1,0.6010 ± 0.0212,0.9025 ± 0.0005,3.0367 ± 0.1094,0.9520 ± 0.0005,3.9294 ± 0.1936,0.601,3.0367,0.9025
biased,citeseer,APPNP,aps,jsd,0.1,0.5,0.1,0.6073 ± 0.0248,0.9019 ± 0.0008,3.1443 ± 0.1050,0.9522 ± 0.0004,3.9319 ± 0.1136,0.6073,3.1443,0.9019
biased,citeseer,APPNP,aps,SRGNN,0.1,0.5,0.1,0.5990 ± 0.0322,0.9023 ± 0.0005,3.0179 ± 0.1261,0.9518 ± 0.0005,3.8997 ± 0.1307,0.599,3.0179,0.9023
biased,citeseer,APPNP,aps,CJS,0.1,0.5,0.3,0.5955 ± 0.0164,0.9020 ± 0.0006,3.0385 ± 0.1184,0.9518 ± 0.0003,3.9520 ± 0.1388,0.5955,3.0385,0.902
biased,citeseer,APPNP,aps,CKL,0.1,0.5,0.3,0.6052 ± 0.0178,0.9022 ± 0.0005,3.0506 ± 0.1372,0.9521 ± 0.0006,3.9437 ± 0.1753,0.6052,3.0506,0.9022
biased,citeseer,APPNP,aps,jsd,0.1,0.5,0.3,0.6095 ± 0.0143,0.9019 ± 0.0005,3.1388 ± 0.0923,0.9518 ± 0.0003,3.9183 ± 0.0861,0.6095,3.1388,0.9019
biased,citeseer,APPNP,aps,SRGNN,0.1,0.5,0.3,0.6047 ± 0.0304,0.9023 ± 0.0007,3.1132 ± 0.1460,0.9520 ± 0.0004,4.0238 ± 0.1793,0.6047,3.1132,0.9023
biased,citeseer,APPNP,aps,CJS,0.1,0.5,0.5,0.6078 ± 0.0309,0.9023 ± 0.0005,3.0113 ± 0.1266,0.9518 ± 0.0003,3.9064 ± 0.1614,0.6078,3.0113,0.9023
biased,citeseer,APPNP,aps,CKL,0.1,0.5,0.5,0.5945 ± 0.0309,0.9021 ± 0.0006,3.0712 ± 0.1412,0.9523 ± 0.0004,3.9833 ± 0.1796,0.5945,3.0712,0.9021
biased,citeseer,APPNP,aps,jsd,0.1,0.5,0.5,0.6009 ± 0.0225,0.9024 ± 0.0008,3.2094 ± 0.1130,0.9521 ± 0.0004,3.9824 ± 0.1056,0.6009,3.2094,0.9024
biased,citeseer,APPNP,aps,SRGNN,0.1,0.5,0.5,0.6105 ± 0.0188,0.9022 ± 0.0007,3.0256 ± 0.0975,0.9518 ± 0.0006,3.9534 ± 0.1160,0.6105,3.0256,0.9022
biased,citeseer,APPNP,aps,CJS,0.1,0.5,0.7,0.6107 ± 0.0336,0.9021 ± 0.0009,3.1099 ± 0.2263,0.9520 ± 0.0007,4.0199 ± 0.2703,0.6107,3.1099,0.9021
biased,citeseer,APPNP,aps,CKL,0.1,0.5,0.7,0.6030 ± 0.0310,0.9020 ± 0.0006,3.1001 ± 0.2228,0.9518 ± 0.0007,4.0210 ± 0.2313,0.603,3.1001,0.902
biased,citeseer,APPNP,aps,jsd,0.1,0.5,0.7,0.6052 ± 0.0143,0.9021 ± 0.0006,3.1999 ± 0.1281,0.9520 ± 0.0004,3.9812 ± 0.1280,0.6052,3.1999,0.9021
biased,citeseer,APPNP,aps,SRGNN,0.1,0.5,0.7,0.5964 ± 0.0224,0.9021 ± 0.0006,3.0567 ± 0.1624,0.9519 ± 0.0007,3.9294 ± 0.1952,0.5964,3.0567,0.9021
biased,citeseer,APPNP,aps,cmd,0.1,0.5,0.0,0.6089 ± 0.0201,0.9021 ± 0.0006,3.0998 ± 0.1832,0.9518 ± 0.0005,4.0298 ± 0.1758,0.6089,3.0998,0.9021
biased,citeseer,APPNP,aps,kld,0.1,0.5,0.0,0.6031 ± 0.0169,0.9023 ± 0.0006,3.1759 ± 0.0825,0.9521 ± 0.0003,3.9441 ± 0.0711,0.6031,3.1759,0.9023
biased,citeseer,APPNP,aps,MMD,0.1,0.5,0.0,0.6036 ± 0.0177,0.9022 ± 0.0007,3.2098 ± 0.0917,0.9520 ± 0.0004,3.9782 ± 0.0972,0.6036,3.2098,0.9022
biased,citeseer,APPNP,aps,CJS,0.1,0.5,1.0,0.6105 ± 0.0313,0.9021 ± 0.0006,2.9947 ± 0.1058,0.9519 ± 0.0006,3.9135 ± 0.1428,0.6105,2.9947,0.9021
biased,citeseer,APPNP,aps,CKL,0.1,0.5,1.0,0.6013 ± 0.0216,0.9021 ± 0.0007,2.9968 ± 0.1175,0.9517 ± 0.0006,3.9313 ± 0.1472,0.6013,2.9968,0.9021
biased,citeseer,APPNP,aps,jsd,0.1,0.5,1.0,0.5972 ± 0.0219,0.9020 ± 0.0008,3.1805 ± 0.1440,0.9518 ± 0.0004,3.9822 ± 0.2123,0.5972,3.1805,0.902
biased,citeseer,APPNP,aps,SRGNN,0.1,0.5,1.0,0.5976 ± 0.0398,0.9023 ± 0.0006,3.1022 ± 0.0958,0.9517 ± 0.0005,3.9796 ± 0.1093,0.5976,3.1022,0.9023
biased,citeseer,APPNP,aps,CJS,0.1,0.7,0.1,0.5938 ± 0.0314,0.9020 ± 0.0004,3.0389 ± 0.1629,0.9517 ± 0.0006,3.9451 ± 0.1684,0.5938,3.0389,0.902
biased,citeseer,APPNP,aps,CKL,0.1,0.7,0.1,0.5956 ± 0.0401,0.9024 ± 0.0007,3.0755 ± 0.1299,0.9520 ± 0.0005,3.9579 ± 0.1718,0.5956,3.0755,0.9024
biased,citeseer,APPNP,aps,jsd,0.1,0.7,0.1,0.6059 ± 0.0219,0.9021 ± 0.0007,3.1803 ± 0.1288,0.9518 ± 0.0004,3.9564 ± 0.1204,0.6059,3.1803,0.9021
biased,citeseer,APPNP,aps,SRGNN,0.1,0.7,0.1,0.5823 ± 0.0383,0.9020 ± 0.0009,3.0443 ± 0.1529,0.9516 ± 0.0005,3.9414 ± 0.1882,0.5823,3.0443,0.902
biased,citeseer,APPNP,aps,CJS,0.1,0.7,0.3,0.5885 ± 0.0329,0.9021 ± 0.0006,3.1527 ± 0.1772,0.9518 ± 0.0006,4.0548 ± 0.1963,0.5885,3.1527,0.9021
biased,citeseer,APPNP,aps,CKL,0.1,0.7,0.3,0.5604 ± 0.0429,0.9019 ± 0.0009,3.1055 ± 0.1366,0.9519 ± 0.0006,4.0236 ± 0.1497,0.5604,3.1055,0.9019
biased,citeseer,APPNP,aps,jsd,0.1,0.7,0.3,0.6104 ± 0.0220,0.9021 ± 0.0006,3.1623 ± 0.0851,0.9519 ± 0.0005,3.9392 ± 0.0867,0.6104,3.1623,0.9021
biased,citeseer,APPNP,aps,SRGNN,0.1,0.7,0.3,0.5818 ± 0.0323,0.9022 ± 0.0008,3.0534 ± 0.0916,0.9517 ± 0.0004,3.9656 ± 0.1144,0.5818,3.0534,0.9022
biased,citeseer,APPNP,aps,CJS,0.1,0.7,0.5,0.5817 ± 0.0308,0.9024 ± 0.0007,3.1011 ± 0.2113,0.9518 ± 0.0007,4.0043 ± 0.2431,0.5817,3.1011,0.9024
biased,citeseer,APPNP,aps,CKL,0.1,0.7,0.5,0.5927 ± 0.0267,0.9020 ± 0.0008,3.1181 ± 0.1176,0.9518 ± 0.0004,4.0415 ± 0.1532,0.5927,3.1181,0.902
biased,citeseer,APPNP,aps,jsd,0.1,0.7,0.5,0.6070 ± 0.0180,0.9022 ± 0.0007,3.1801 ± 0.1042,0.9520 ± 0.0004,3.9665 ± 0.1014,0.607,3.1801,0.9022
biased,citeseer,APPNP,aps,SRGNN,0.1,0.7,0.5,0.5965 ± 0.0329,0.9023 ± 0.0008,3.1175 ± 0.1263,0.9521 ± 0.0004,4.0443 ± 0.2096,0.5965,3.1175,0.9023
biased,citeseer,APPNP,aps,CJS,0.1,0.7,0.7,0.5881 ± 0.0260,0.9023 ± 0.0005,3.0717 ± 0.0922,0.9521 ± 0.0005,3.9645 ± 0.1132,0.5881,3.0717,0.9023
biased,citeseer,APPNP,aps,CKL,0.1,0.7,0.7,0.5901 ± 0.0425,0.9021 ± 0.0008,3.0250 ± 0.0978,0.9520 ± 0.0004,3.9343 ± 0.1147,0.5901,3.025,0.9021
biased,citeseer,APPNP,aps,jsd,0.1,0.7,0.7,0.6037 ± 0.0228,0.9025 ± 0.0008,3.2343 ± 0.1096,0.9520 ± 0.0003,4.0116 ± 0.0918,0.6037,3.2343,0.9025
biased,citeseer,APPNP,aps,SRGNN,0.1,0.7,0.7,0.5886 ± 0.0348,0.9021 ± 0.0006,3.1195 ± 0.1761,0.9519 ± 0.0004,3.9987 ± 0.1830,0.5886,3.1195,0.9021
biased,citeseer,APPNP,aps,cmd,0.1,0.7,0.0,0.5837 ± 0.0338,0.9021 ± 0.0005,3.1028 ± 0.1921,0.9517 ± 0.0005,3.9625 ± 0.2158,0.5837,3.1028,0.9021
biased,citeseer,APPNP,aps,kld,0.1,0.7,0.0,0.6048 ± 0.0167,0.9021 ± 0.0008,3.1802 ± 0.1171,0.9519 ± 0.0004,3.9495 ± 0.1109,0.6048,3.1802,0.9021
biased,citeseer,APPNP,aps,MMD,0.1,0.7,0.0,0.6066 ± 0.0140,0.9023 ± 0.0007,3.2023 ± 0.1083,0.9520 ± 0.0004,3.9798 ± 0.1118,0.6066,3.2023,0.9023
biased,citeseer,APPNP,aps,CJS,0.1,0.7,1.0,0.6015 ± 0.0356,0.9022 ± 0.0007,3.0737 ± 0.1138,0.9517 ± 0.0008,3.9526 ± 0.1381,0.6015,3.0737,0.9022
biased,citeseer,APPNP,aps,CKL,0.1,0.7,1.0,0.5893 ± 0.0407,0.9024 ± 0.0006,3.1430 ± 0.1893,0.9519 ± 0.0006,4.0274 ± 0.1867,0.5893,3.143,0.9024
biased,citeseer,APPNP,aps,jsd,0.1,0.7,1.0,0.6054 ± 0.0175,0.9023 ± 0.0007,3.1952 ± 0.1159,0.9521 ± 0.0004,3.9663 ± 0.1089,0.6054,3.1952,0.9023
biased,citeseer,APPNP,aps,SRGNN,0.1,0.7,1.0,0.5896 ± 0.0250,0.9023 ± 0.0007,3.0613 ± 0.1084,0.9519 ± 0.0007,3.9751 ± 0.1578,0.5896,3.0613,0.9023
biased,citeseer,APPNP,aps,CJS,0.1,1.0,0.1,0.5590 ± 0.0383,0.9020 ± 0.0008,3.1682 ± 0.1668,0.9518 ± 0.0007,4.0620 ± 0.1596,0.559,3.1682,0.902
biased,citeseer,APPNP,aps,CKL,0.1,1.0,0.1,0.5766 ± 0.0478,0.9025 ± 0.0006,3.1170 ± 0.1511,0.9519 ± 0.0004,3.9686 ± 0.1730,0.5766,3.117,0.9025
biased,citeseer,APPNP,aps,jsd,0.1,1.0,0.1,0.6123 ± 0.0194,0.9021 ± 0.0006,3.1495 ± 0.1057,0.9519 ± 0.0004,3.9342 ± 0.0923,0.6123,3.1495,0.9021
biased,citeseer,APPNP,aps,SRGNN,0.1,1.0,0.1,0.5625 ± 0.0535,0.9022 ± 0.0007,3.1824 ± 0.2197,0.9519 ± 0.0005,4.0236 ± 0.2168,0.5625,3.1824,0.9022
biased,citeseer,APPNP,aps,CJS,0.1,1.0,0.3,0.5476 ± 0.0559,0.9022 ± 0.0008,3.2780 ± 0.2956,0.9519 ± 0.0007,4.1592 ± 0.2491,0.5476,3.278,0.9022
biased,citeseer,APPNP,aps,CKL,0.1,1.0,0.3,0.5711 ± 0.0511,0.9026 ± 0.0008,3.3423 ± 0.3692,0.9530 ± 0.0021,4.2267 ± 0.4527,0.5711,3.3423,0.9026
biased,citeseer,APPNP,aps,jsd,0.1,1.0,0.3,0.6087 ± 0.0226,0.9022 ± 0.0007,3.1774 ± 0.1162,0.9520 ± 0.0003,3.9546 ± 0.1040,0.6087,3.1774,0.9022
biased,citeseer,APPNP,aps,SRGNN,0.1,1.0,0.3,0.5575 ± 0.0498,0.9024 ± 0.0008,3.1791 ± 0.2965,0.9519 ± 0.0006,4.0887 ± 0.2777,0.5575,3.1791,0.9024
biased,citeseer,APPNP,aps,CJS,0.1,1.0,0.5,0.5532 ± 0.0566,0.9022 ± 0.0005,3.1267 ± 0.1674,0.9518 ± 0.0005,4.0267 ± 0.2018,0.5532,3.1267,0.9022
biased,citeseer,APPNP,aps,CKL,0.1,1.0,0.5,0.5668 ± 0.0569,0.9021 ± 0.0006,3.0810 ± 0.1257,0.9517 ± 0.0005,3.9645 ± 0.1267,0.5668,3.081,0.9021
biased,citeseer,APPNP,aps,jsd,0.1,1.0,0.5,0.5986 ± 0.0214,0.9022 ± 0.0006,3.1871 ± 0.1011,0.9520 ± 0.0003,3.9693 ± 0.0960,0.5986,3.1871,0.9022
biased,citeseer,APPNP,aps,SRGNN,0.1,1.0,0.5,0.5336 ± 0.0554,0.9017 ± 0.0009,3.1214 ± 0.1070,0.9516 ± 0.0006,4.0105 ± 0.1041,0.5336,3.1214,0.9017
biased,citeseer,APPNP,aps,CJS,0.1,1.0,0.7,0.5615 ± 0.0606,0.9021 ± 0.0004,3.2808 ± 0.2356,0.9518 ± 0.0009,4.1998 ± 0.2602,0.5615,3.2808,0.9021
biased,citeseer,APPNP,aps,CKL,0.1,1.0,0.7,0.5695 ± 0.0472,0.9025 ± 0.0006,3.1511 ± 0.2225,0.9519 ± 0.0004,4.0426 ± 0.2109,0.5695,3.1511,0.9025
biased,citeseer,APPNP,aps,jsd,0.1,1.0,0.7,0.6115 ± 0.0190,0.9023 ± 0.0006,3.1909 ± 0.0953,0.9518 ± 0.0004,3.9707 ± 0.0887,0.6115,3.1909,0.9023
biased,citeseer,APPNP,aps,SRGNN,0.1,1.0,0.7,0.5380 ± 0.0455,0.9020 ± 0.0007,3.1506 ± 0.0895,0.9516 ± 0.0005,4.0557 ± 0.1388,0.538,3.1506,0.902
biased,citeseer,APPNP,aps,biased(CE),0.1,1.0,0.0,0.6071 ± 0.0225,0.9022 ± 0.0006,3.1934 ± 0.1005,0.9520 ± 0.0005,3.9749 ± 0.1069,0.6071,3.1934,0.9022
biased,citeseer,APPNP,aps,cmd,0.1,1.0,0.0,0.5580 ± 0.0486,0.9024 ± 0.0009,3.1880 ± 0.2873,0.9519 ± 0.0007,4.0532 ± 0.2959,0.558,3.188,0.9024
biased,citeseer,APPNP,aps,kld,0.1,1.0,0.0,0.6013 ± 0.0199,0.9023 ± 0.0008,3.2334 ± 0.1092,0.9519 ± 0.0005,4.0195 ± 0.1293,0.6013,3.2334,0.9023
biased,citeseer,APPNP,aps,MMD,0.1,1.0,0.0,0.5974 ± 0.0207,0.9023 ± 0.0008,3.2354 ± 0.1361,0.9522 ± 0.0004,4.0317 ± 0.1576,0.5974,3.2354,0.9023
biased,citeseer,APPNP,aps,CJS,0.1,1.0,1.0,0.5587 ± 0.0361,0.9023 ± 0.0008,3.3149 ± 0.3308,0.9529 ± 0.0029,4.2082 ± 0.3826,0.5587,3.3149,0.9023
biased,citeseer,APPNP,aps,CKL,0.1,1.0,1.0,0.5546 ± 0.0375,0.9022 ± 0.0005,3.1828 ± 0.2329,0.9515 ± 0.0004,4.0821 ± 0.1985,0.5546,3.1828,0.9022
biased,citeseer,APPNP,aps,jsd,0.1,1.0,1.0,0.6041 ± 0.0150,0.9023 ± 0.0008,3.2146 ± 0.1170,0.9519 ± 0.0004,3.9905 ± 0.1122,0.6041,3.2146,0.9023
biased,citeseer,APPNP,aps,SRGNN,0.1,1.0,1.0,0.5675 ± 0.0488,0.9024 ± 0.0007,3.1282 ± 0.1430,0.9519 ± 0.0007,4.0486 ± 0.2003,0.5675,3.1282,0.9024
biased,citeseer,DAGNN,aps,CJS,0.1,0.1,0.1,0.6027 ± 0.0308,0.9021 ± 0.0011,3.4573 ± 0.1497,0.9518 ± 0.0008,4.3655 ± 0.1875,0.6027,3.4573,0.9021
biased,citeseer,DAGNN,aps,CKL,0.1,0.1,0.1,0.6091 ± 0.0219,0.9019 ± 0.0013,3.5891 ± 0.3821,0.9537 ± 0.0082,4.4857 ± 0.4325,0.6091,3.5891,0.9019
biased,citeseer,DAGNN,aps,jsd,0.1,0.1,0.1,0.6061 ± 0.0039,0.9030 ± 0.0004,3.8361 ± 0.1925,0.9543 ± 0.0081,4.5759 ± 0.3323,0.6061,3.8361,0.903
biased,citeseer,DAGNN,aps,SRGNN,0.1,0.1,0.1,0.6103 ± 0.0219,0.9017 ± 0.0014,3.5508 ± 0.3175,0.9543 ± 0.0088,4.5102 ± 0.4322,0.6103,3.5508,0.9017
biased,citeseer,DAGNN,aps,CJS,0.1,0.1,0.3,0.6100 ± 0.0510,0.9016 ± 0.0009,3.4140 ± 0.1162,0.9514 ± 0.0008,4.3156 ± 0.1435,0.61,3.414,0.9016
biased,citeseer,DAGNN,aps,CKL,0.1,0.1,0.3,0.6197 ± 0.0159,0.9019 ± 0.0009,3.4159 ± 0.0800,0.9519 ± 0.0006,4.3385 ± 0.1369,0.6197,3.4159,0.9019
biased,citeseer,DAGNN,aps,jsd,0.1,0.1,0.3,0.6036 ± 0.0047,0.9027 ± 0.0004,3.7702 ± 0.0695,0.9520 ± 0.0004,4.4680 ± 0.0826,0.6036,3.7702,0.9027
biased,citeseer,DAGNN,aps,SRGNN,0.1,0.1,0.3,0.6163 ± 0.0231,0.9023 ± 0.0015,3.4599 ± 0.1527,0.9521 ± 0.0007,4.3760 ± 0.1939,0.6163,3.4599,0.9023
biased,citeseer,DAGNN,aps,CJS,0.1,0.1,0.5,0.6066 ± 0.0391,0.9023 ± 0.0007,3.5705 ± 0.3338,0.9530 ± 0.0029,4.4821 ± 0.3911,0.6066,3.5705,0.9023
biased,citeseer,DAGNN,aps,CKL,0.1,0.1,0.5,0.6143 ± 0.0277,0.9022 ± 0.0007,3.4550 ± 0.1177,0.9518 ± 0.0008,4.3582 ± 0.1641,0.6143,3.455,0.9022
biased,citeseer,DAGNN,aps,jsd,0.1,0.1,0.5,0.6061 ± 0.0064,0.9030 ± 0.0003,3.8184 ± 0.1372,0.9522 ± 0.0005,4.5172 ± 0.1200,0.6061,3.8184,0.903
biased,citeseer,DAGNN,aps,SRGNN,0.1,0.1,0.5,0.6226 ± 0.0183,0.9019 ± 0.0006,3.3855 ± 0.1074,0.9520 ± 0.0006,4.2833 ± 0.1408,0.6226,3.3855,0.9019
biased,citeseer,DAGNN,aps,CJS,0.1,0.1,0.7,0.6181 ± 0.0200,0.9024 ± 0.0007,3.4442 ± 0.0639,0.9519 ± 0.0005,4.3422 ± 0.0872,0.6181,3.4442,0.9024
biased,citeseer,DAGNN,aps,CKL,0.1,0.1,0.7,0.6187 ± 0.0190,0.9019 ± 0.0013,3.4544 ± 0.1856,0.9519 ± 0.0012,4.3326 ± 0.2525,0.6187,3.4544,0.9019
biased,citeseer,DAGNN,aps,jsd,0.1,0.1,0.7,0.6021 ± 0.0142,0.9029 ± 0.0006,3.8178 ± 0.0745,0.9520 ± 0.0005,4.5114 ± 0.0697,0.6021,3.8178,0.9029
biased,citeseer,DAGNN,aps,SRGNN,0.1,0.1,0.7,0.6135 ± 0.0267,0.9021 ± 0.0014,3.5279 ± 0.1800,0.9521 ± 0.0013,4.5129 ± 0.2824,0.6135,3.5279,0.9021
biased,citeseer,DAGNN,aps,cmd,0.1,0.1,0.0,0.6217 ± 0.0118,0.9021 ± 0.0010,3.3835 ± 0.1311,0.9519 ± 0.0006,4.2556 ± 0.1769,0.6217,3.3835,0.9021
biased,citeseer,DAGNN,aps,kld,0.1,0.1,0.0,0.5918 ± 0.0287,0.9029 ± 0.0007,3.9019 ± 0.2449,0.9545 ± 0.0060,4.6670 ± 0.3707,0.5918,3.9019,0.9029
biased,citeseer,DAGNN,aps,MMD,0.1,0.1,0.0,0.5882 ± 0.0326,0.9024 ± 0.0007,3.8994 ± 0.2182,0.9558 ± 0.0092,4.6903 ± 0.4034,0.5882,3.8994,0.9024
biased,citeseer,DAGNN,aps,CJS,0.1,0.1,1.0,0.6101 ± 0.0283,0.9022 ± 0.0010,3.5416 ± 0.2769,0.9528 ± 0.0045,4.4795 ± 0.4075,0.6101,3.5416,0.9022
biased,citeseer,DAGNN,aps,CKL,0.1,0.1,1.0,0.6165 ± 0.0204,0.9018 ± 0.0012,3.4845 ± 0.2350,0.9529 ± 0.0044,4.4329 ± 0.3429,0.6165,3.4845,0.9018
biased,citeseer,DAGNN,aps,jsd,0.1,0.1,1.0,0.6011 ± 0.0224,0.9028 ± 0.0003,3.8465 ± 0.2168,0.9540 ± 0.0072,4.5784 ± 0.3365,0.6011,3.8465,0.9028
biased,citeseer,DAGNN,aps,SRGNN,0.1,0.1,1.0,0.6192 ± 0.0185,0.9024 ± 0.0009,3.4202 ± 0.1073,0.9516 ± 0.0005,4.2868 ± 0.1193,0.6192,3.4202,0.9024
biased,citeseer,DAGNN,aps,CJS,0.1,0.3,0.1,0.6167 ± 0.0336,0.9019 ± 0.0007,3.3286 ± 0.1902,0.9515 ± 0.0007,4.2925 ± 0.1974,0.6167,3.3286,0.9019
biased,citeseer,DAGNN,aps,CKL,0.1,0.3,0.1,0.6136 ± 0.0276,0.9022 ± 0.0009,3.4221 ± 0.2859,0.9518 ± 0.0008,4.3320 ± 0.2196,0.6136,3.4221,0.9022
biased,citeseer,DAGNN,aps,jsd,0.1,0.3,0.1,0.6064 ± 0.0054,0.9030 ± 0.0005,3.8271 ± 0.1472,0.9524 ± 0.0009,4.5474 ± 0.1510,0.6064,3.8271,0.903
biased,citeseer,DAGNN,aps,SRGNN,0.1,0.3,0.1,0.6203 ± 0.0160,0.9017 ± 0.0009,3.2879 ± 0.1186,0.9518 ± 0.0005,4.2107 ± 0.1220,0.6203,3.2879,0.9017
biased,citeseer,DAGNN,aps,CJS,0.1,0.3,0.3,0.5818 ± 0.0626,0.9063 ± 0.0174,3.6144 ± 0.6433,0.9529 ± 0.0050,4.4824 ± 0.4337,0.5818,3.6144,0.9063
biased,citeseer,DAGNN,aps,CKL,0.1,0.3,0.3,0.6138 ± 0.0207,0.9020 ± 0.0011,3.3616 ± 0.3365,0.9536 ± 0.0081,4.3498 ± 0.4357,0.6138,3.3616,0.902
biased,citeseer,DAGNN,aps,jsd,0.1,0.3,0.3,0.5914 ± 0.0177,0.9066 ± 0.0145,3.9728 ± 0.4802,0.9541 ± 0.0051,4.6331 ± 0.3399,0.5914,3.9728,0.9066
biased,citeseer,DAGNN,aps,SRGNN,0.1,0.3,0.3,0.6088 ± 0.0234,0.9022 ± 0.0011,3.4027 ± 0.2408,0.9517 ± 0.0006,4.3305 ± 0.2470,0.6088,3.4027,0.9022
biased,citeseer,DAGNN,aps,CJS,0.1,0.3,0.5,0.6233 ± 0.0134,0.9022 ± 0.0010,3.3900 ± 0.2050,0.9522 ± 0.0019,4.3653 ± 0.3155,0.6233,3.39,0.9022
biased,citeseer,DAGNN,aps,CKL,0.1,0.3,0.5,0.6164 ± 0.0259,0.9027 ± 0.0048,3.4263 ± 0.5506,0.9536 ± 0.0074,4.3226 ± 0.4250,0.6164,3.4263,0.9027
biased,citeseer,DAGNN,aps,jsd,0.1,0.3,0.5,0.5942 ± 0.0260,0.9026 ± 0.0009,3.8330 ± 0.1098,0.9519 ± 0.0006,4.5398 ± 0.1187,0.5942,3.833,0.9026
biased,citeseer,DAGNN,aps,SRGNN,0.1,0.3,0.5,0.6191 ± 0.0123,0.9022 ± 0.0009,3.3244 ± 0.1451,0.9517 ± 0.0007,4.2581 ± 0.1493,0.6191,3.3244,0.9022
biased,citeseer,DAGNN,aps,CJS,0.1,0.3,0.7,0.6245 ± 0.0136,0.9022 ± 0.0010,3.2878 ± 0.1244,0.9519 ± 0.0006,4.2226 ± 0.1640,0.6245,3.2878,0.9022
biased,citeseer,DAGNN,aps,CKL,0.1,0.3,0.7,0.6233 ± 0.0186,0.9016 ± 0.0007,3.2293 ± 0.1499,0.9515 ± 0.0006,4.1469 ± 0.1637,0.6233,3.2293,0.9016
biased,citeseer,DAGNN,aps,jsd,0.1,0.3,0.7,0.5980 ± 0.0089,0.9028 ± 0.0008,3.8744 ± 0.1679,0.9526 ± 0.0019,4.6057 ± 0.1935,0.598,3.8744,0.9028
biased,citeseer,DAGNN,aps,SRGNN,0.1,0.3,0.7,0.6224 ± 0.0127,0.9022 ± 0.0010,3.3129 ± 0.1983,0.9517 ± 0.0009,4.2343 ± 0.1522,0.6224,3.3129,0.9022
biased,citeseer,DAGNN,aps,cmd,0.1,0.3,0.0,0.6094 ± 0.0287,0.9018 ± 0.0010,3.3730 ± 0.2576,0.9516 ± 0.0007,4.3145 ± 0.2565,0.6094,3.373,0.9018
biased,citeseer,DAGNN,aps,kld,0.1,0.3,0.0,0.6018 ± 0.0051,0.9029 ± 0.0003,3.7973 ± 0.0798,0.9522 ± 0.0004,4.5060 ± 0.0790,0.6018,3.7973,0.9029
biased,citeseer,DAGNN,aps,MMD,0.1,0.3,0.0,0.6045 ± 0.0116,0.9028 ± 0.0010,3.7936 ± 0.1014,0.9523 ± 0.0016,4.5214 ± 0.1801,0.6045,3.7936,0.9028
biased,citeseer,DAGNN,aps,CJS,0.1,0.3,1.0,0.6155 ± 0.0138,0.9021 ± 0.0009,3.3632 ± 0.1878,0.9517 ± 0.0007,4.3202 ± 0.2142,0.6155,3.3632,0.9021
biased,citeseer,DAGNN,aps,CKL,0.1,0.3,1.0,0.6249 ± 0.0138,0.9018 ± 0.0007,3.3533 ± 0.1649,0.9516 ± 0.0006,4.3267 ± 0.1860,0.6249,3.3533,0.9018
biased,citeseer,DAGNN,aps,jsd,0.1,0.3,1.0,0.6060 ± 0.0068,0.9028 ± 0.0003,3.7732 ± 0.0724,0.9520 ± 0.0004,4.4733 ± 0.0494,0.606,3.7732,0.9028
biased,citeseer,DAGNN,aps,SRGNN,0.1,0.3,1.0,0.6043 ± 0.0444,0.9028 ± 0.0023,3.4731 ± 0.4926,0.9539 ± 0.0084,4.4207 ± 0.4543,0.6043,3.4731,0.9028
biased,citeseer,DAGNN,aps,CJS,0.1,0.5,0.1,0.6215 ± 0.0168,0.9023 ± 0.0010,3.2838 ± 0.2217,0.9516 ± 0.0008,4.2591 ± 0.2355,0.6215,3.2838,0.9023
biased,citeseer,DAGNN,aps,CKL,0.1,0.5,0.1,0.6141 ± 0.0279,0.9016 ± 0.0014,3.3774 ± 0.2605,0.9520 ± 0.0016,4.4077 ± 0.3268,0.6141,3.3774,0.9016
biased,citeseer,DAGNN,aps,jsd,0.1,0.5,0.1,0.6034 ± 0.0089,0.9028 ± 0.0015,3.8436 ± 0.2502,0.9543 ± 0.0081,4.5702 ± 0.3382,0.6034,3.8436,0.9028
biased,citeseer,DAGNN,aps,SRGNN,0.1,0.5,0.1,0.6087 ± 0.0310,0.9025 ± 0.0009,3.4129 ± 0.2674,0.9523 ± 0.0022,4.4067 ± 0.3639,0.6087,3.4129,0.9025
biased,citeseer,DAGNN,aps,CJS,0.1,0.5,0.3,0.6157 ± 0.0178,0.9023 ± 0.0009,3.2727 ± 0.1111,0.9519 ± 0.0006,4.2499 ± 0.1221,0.6157,3.2727,0.9023
biased,citeseer,DAGNN,aps,CKL,0.1,0.5,0.3,0.6175 ± 0.0122,0.9022 ± 0.0007,3.2678 ± 0.1391,0.9516 ± 0.0006,4.2152 ± 0.1507,0.6175,3.2678,0.9022
biased,citeseer,DAGNN,aps,jsd,0.1,0.5,0.3,0.5977 ± 0.0183,0.9030 ± 0.0006,3.8604 ± 0.1922,0.9541 ± 0.0078,4.6026 ± 0.3289,0.5977,3.8604,0.903
biased,citeseer,DAGNN,aps,SRGNN,0.1,0.5,0.3,0.6146 ± 0.0156,0.9021 ± 0.0010,3.2513 ± 0.1156,0.9518 ± 0.0006,4.2380 ± 0.1663,0.6146,3.2513,0.9021
biased,citeseer,DAGNN,aps,CJS,0.1,0.5,0.5,0.6181 ± 0.0247,0.9017 ± 0.0011,3.2972 ± 0.3109,0.9516 ± 0.0006,4.2359 ± 0.3012,0.6181,3.2972,0.9017
biased,citeseer,DAGNN,aps,CKL,0.1,0.5,0.5,0.6160 ± 0.0188,0.9025 ± 0.0011,3.4026 ± 0.2274,0.9517 ± 0.0008,4.3606 ± 0.2615,0.616,3.4026,0.9025
biased,citeseer,DAGNN,aps,jsd,0.1,0.5,0.5,0.5991 ± 0.0160,0.9032 ± 0.0021,3.8422 ± 0.2559,0.9538 ± 0.0063,4.5662 ± 0.3179,0.5991,3.8422,0.9032
biased,citeseer,DAGNN,aps,SRGNN,0.1,0.5,0.5,0.6150 ± 0.0116,0.9019 ± 0.0008,3.2535 ± 0.1003,0.9514 ± 0.0004,4.2158 ± 0.1420,0.615,3.2535,0.9019
biased,citeseer,DAGNN,aps,CJS,0.1,0.5,0.7,0.6185 ± 0.0207,0.9022 ± 0.0008,3.1744 ± 0.1006,0.9519 ± 0.0008,4.1619 ± 0.1428,0.6185,3.1744,0.9022
biased,citeseer,DAGNN,aps,CKL,0.1,0.5,0.7,0.6107 ± 0.0393,0.9018 ± 0.0015,3.3610 ± 0.4762,0.9537 ± 0.0089,4.3332 ± 0.4299,0.6107,3.361,0.9018
biased,citeseer,DAGNN,aps,jsd,0.1,0.5,0.7,0.5991 ± 0.0120,0.9028 ± 0.0008,3.8620 ± 0.1103,0.9523 ± 0.0004,4.5536 ± 0.1016,0.5991,3.862,0.9028
biased,citeseer,DAGNN,aps,SRGNN,0.1,0.5,0.7,0.6210 ± 0.0148,0.9020 ± 0.0009,3.3008 ± 0.1749,0.9516 ± 0.0008,4.2700 ± 0.1530,0.621,3.3008,0.902
biased,citeseer,DAGNN,aps,cmd,0.1,0.5,0.0,0.6130 ± 0.0209,0.9018 ± 0.0011,3.3876 ± 0.3851,0.9534 ± 0.0056,4.3949 ± 0.4513,0.613,3.3876,0.9018
biased,citeseer,DAGNN,aps,kld,0.1,0.5,0.0,0.6014 ± 0.0110,0.9037 ± 0.0034,3.8625 ± 0.3732,0.9536 ± 0.0057,4.5613 ± 0.3341,0.6014,3.8625,0.9037
biased,citeseer,DAGNN,aps,MMD,0.1,0.5,0.0,0.6001 ± 0.0103,0.9031 ± 0.0015,3.8942 ± 0.2479,0.9562 ± 0.0102,4.6671 ± 0.4160,0.6001,3.8942,0.9031
biased,citeseer,DAGNN,aps,CJS,0.1,0.5,1.0,0.6282 ± 0.0142,0.9022 ± 0.0010,3.2669 ± 0.2417,0.9519 ± 0.0009,4.2438 ± 0.2010,0.6282,3.2669,0.9022
biased,citeseer,DAGNN,aps,CKL,0.1,0.5,1.0,0.6198 ± 0.0124,0.9023 ± 0.0009,3.2554 ± 0.1559,0.9519 ± 0.0005,4.2637 ± 0.2306,0.6198,3.2554,0.9023
biased,citeseer,DAGNN,aps,jsd,0.1,0.5,1.0,0.5981 ± 0.0241,0.9026 ± 0.0008,3.7937 ± 0.1206,0.9521 ± 0.0003,4.4903 ± 0.0944,0.5981,3.7937,0.9026
biased,citeseer,DAGNN,aps,SRGNN,0.1,0.5,1.0,0.6174 ± 0.0172,0.9014 ± 0.0009,3.2135 ± 0.1726,0.9512 ± 0.0006,4.1743 ± 0.1797,0.6174,3.2135,0.9014
biased,citeseer,DAGNN,aps,CJS,0.1,0.7,0.1,0.6216 ± 0.0133,0.9022 ± 0.0008,3.2135 ± 0.1145,0.9518 ± 0.0006,4.2067 ± 0.1443,0.6216,3.2135,0.9022
biased,citeseer,DAGNN,aps,CKL,0.1,0.7,0.1,0.6182 ± 0.0142,0.9015 ± 0.0007,3.2353 ± 0.1659,0.9515 ± 0.0006,4.1992 ± 0.1446,0.6182,3.2353,0.9015
biased,citeseer,DAGNN,aps,jsd,0.1,0.7,0.1,0.5987 ± 0.0112,0.9028 ± 0.0005,3.8617 ± 0.1500,0.9521 ± 0.0004,4.5487 ± 0.1166,0.5987,3.8617,0.9028
biased,citeseer,DAGNN,aps,SRGNN,0.1,0.7,0.1,0.6230 ± 0.0201,0.9018 ± 0.0006,3.2379 ± 0.2093,0.9517 ± 0.0007,4.2562 ± 0.2832,0.623,3.2379,0.9018
biased,citeseer,DAGNN,aps,CJS,0.1,0.7,0.3,0.6136 ± 0.0428,0.9019 ± 0.0012,3.2535 ± 0.2751,0.9526 ± 0.0046,4.2299 ± 0.3891,0.6136,3.2535,0.9019
biased,citeseer,DAGNN,aps,CKL,0.1,0.7,0.3,0.6077 ± 0.0262,0.9019 ± 0.0010,3.2939 ± 0.1721,0.9516 ± 0.0008,4.2619 ± 0.1831,0.6077,3.2939,0.9019
biased,citeseer,DAGNN,aps,jsd,0.1,0.7,0.3,0.6022 ± 0.0060,0.9028 ± 0.0004,3.7695 ± 0.0397,0.9521 ± 0.0003,4.4828 ± 0.0432,0.6022,3.7695,0.9028
biased,citeseer,DAGNN,aps,SRGNN,0.1,0.7,0.3,0.6160 ± 0.0226,0.9020 ± 0.0008,3.2856 ± 0.2054,0.9515 ± 0.0007,4.2543 ± 0.2108,0.616,3.2856,0.902
biased,citeseer,DAGNN,aps,CJS,0.1,0.7,0.5,0.6179 ± 0.0271,0.9022 ± 0.0009,3.2353 ± 0.1964,0.9516 ± 0.0007,4.1796 ± 0.1902,0.6179,3.2353,0.9022
biased,citeseer,DAGNN,aps,CKL,0.1,0.7,0.5,0.6193 ± 0.0237,0.9019 ± 0.0008,3.2725 ± 0.3105,0.9538 ± 0.0080,4.2787 ± 0.4398,0.6193,3.2725,0.9019
biased,citeseer,DAGNN,aps,jsd,0.1,0.7,0.5,0.6036 ± 0.0171,0.9029 ± 0.0005,3.9195 ± 0.1930,0.9532 ± 0.0032,4.6158 ± 0.2275,0.6036,3.9195,0.9029
biased,citeseer,DAGNN,aps,SRGNN,0.1,0.7,0.5,0.6199 ± 0.0145,0.9020 ± 0.0007,3.1503 ± 0.1138,0.9516 ± 0.0005,4.1429 ± 0.1121,0.6199,3.1503,0.902
biased,citeseer,DAGNN,aps,CJS,0.1,0.7,0.7,0.6111 ± 0.0400,0.9025 ± 0.0008,3.3126 ± 0.3088,0.9525 ± 0.0034,4.2952 ± 0.3739,0.6111,3.3126,0.9025
biased,citeseer,DAGNN,aps,CKL,0.1,0.7,0.7,0.6184 ± 0.0220,0.9022 ± 0.0010,3.2336 ± 0.2001,0.9516 ± 0.0007,4.2232 ± 0.1974,0.6184,3.2336,0.9022
biased,citeseer,DAGNN,aps,jsd,0.1,0.7,0.7,0.5878 ± 0.0425,0.9038 ± 0.0039,4.0056 ± 0.3756,0.9571 ± 0.0101,4.7539 ± 0.4506,0.5878,4.0056,0.9038
biased,citeseer,DAGNN,aps,SRGNN,0.1,0.7,0.7,0.6171 ± 0.0107,0.9026 ± 0.0010,3.3411 ± 0.2512,0.9517 ± 0.0005,4.2692 ± 0.2467,0.6171,3.3411,0.9026
biased,citeseer,DAGNN,aps,cmd,0.1,0.7,0.0,0.6241 ± 0.0159,0.9019 ± 0.0008,3.2673 ± 0.1759,0.9513 ± 0.0006,4.2160 ± 0.1801,0.6241,3.2673,0.9019
biased,citeseer,DAGNN,aps,kld,0.1,0.7,0.0,0.5999 ± 0.0192,0.9054 ± 0.0094,3.8682 ± 0.3493,0.9551 ± 0.0107,4.5706 ± 0.3328,0.5999,3.8682,0.9054
biased,citeseer,DAGNN,aps,MMD,0.1,0.7,0.0,0.5975 ± 0.0131,0.9024 ± 0.0008,3.8588 ± 0.1583,0.9544 ± 0.0064,4.6469 ± 0.3471,0.5975,3.8588,0.9024
biased,citeseer,DAGNN,aps,CJS,0.1,0.7,1.0,0.6106 ± 0.0279,0.9021 ± 0.0011,3.3556 ± 0.4478,0.9536 ± 0.0083,4.3080 ± 0.4409,0.6106,3.3556,0.9021
biased,citeseer,DAGNN,aps,CKL,0.1,0.7,1.0,0.6210 ± 0.0133,0.9020 ± 0.0010,3.2299 ± 0.1581,0.9515 ± 0.0009,4.1698 ± 0.2512,0.621,3.2299,0.902
biased,citeseer,DAGNN,aps,jsd,0.1,0.7,1.0,0.6018 ± 0.0064,0.9028 ± 0.0005,3.8058 ± 0.1060,0.9536 ± 0.0056,4.5470 ± 0.2640,0.6018,3.8058,0.9028
biased,citeseer,DAGNN,aps,SRGNN,0.1,0.7,1.0,0.6179 ± 0.0171,0.9020 ± 0.0008,3.2172 ± 0.1798,0.9514 ± 0.0007,4.1900 ± 0.1884,0.6179,3.2172,0.902
biased,citeseer,DAGNN,aps,CJS,0.1,1.0,0.1,0.6176 ± 0.0157,0.9025 ± 0.0009,3.2300 ± 0.1708,0.9517 ± 0.0006,4.1656 ± 0.1611,0.6176,3.23,0.9025
biased,citeseer,DAGNN,aps,CKL,0.1,1.0,0.1,0.6167 ± 0.0143,0.9018 ± 0.0008,3.2200 ± 0.2285,0.9515 ± 0.0011,4.2235 ± 0.2598,0.6167,3.22,0.9018
biased,citeseer,DAGNN,aps,jsd,0.1,1.0,0.1,0.6002 ± 0.0122,0.9027 ± 0.0005,3.7612 ± 0.0661,0.9520 ± 0.0004,4.4540 ± 0.0454,0.6002,3.7612,0.9027
biased,citeseer,DAGNN,aps,SRGNN,0.1,1.0,0.1,0.6147 ± 0.0265,0.9020 ± 0.0007,3.2949 ± 0.3240,0.9524 ± 0.0020,4.3100 ± 0.3821,0.6147,3.2949,0.902
biased,citeseer,DAGNN,aps,CJS,0.1,1.0,0.3,0.6168 ± 0.0237,0.9020 ± 0.0009,3.1715 ± 0.1396,0.9515 ± 0.0006,4.1447 ± 0.1387,0.6168,3.1715,0.902
biased,citeseer,DAGNN,aps,CKL,0.1,1.0,0.3,0.6216 ± 0.0193,0.9023 ± 0.0008,3.2677 ± 0.1996,0.9518 ± 0.0007,4.2433 ± 0.2182,0.6216,3.2677,0.9023
biased,citeseer,DAGNN,aps,jsd,0.1,1.0,0.3,0.5969 ± 0.0185,0.9027 ± 0.0010,3.8347 ± 0.1351,0.9526 ± 0.0021,4.5507 ± 0.1951,0.5969,3.8347,0.9027
biased,citeseer,DAGNN,aps,SRGNN,0.1,1.0,0.3,0.6147 ± 0.0288,0.9021 ± 0.0007,3.3077 ± 0.3373,0.9537 ± 0.0081,4.2895 ± 0.4465,0.6147,3.3077,0.9021
biased,citeseer,DAGNN,aps,CJS,0.1,1.0,0.5,0.6114 ± 0.0244,0.9022 ± 0.0010,3.2430 ± 0.1716,0.9516 ± 0.0009,4.2257 ± 0.2120,0.6114,3.243,0.9022
biased,citeseer,DAGNN,aps,CKL,0.1,1.0,0.5,0.6184 ± 0.0161,0.9022 ± 0.0007,3.2228 ± 0.1317,0.9515 ± 0.0007,4.1860 ± 0.1463,0.6184,3.2228,0.9022
biased,citeseer,DAGNN,aps,jsd,0.1,1.0,0.5,0.6043 ± 0.0050,0.9030 ± 0.0005,3.8645 ± 0.2007,0.9527 ± 0.0014,4.5745 ± 0.1999,0.6043,3.8645,0.903
biased,citeseer,DAGNN,aps,SRGNN,0.1,1.0,0.5,0.6171 ± 0.0134,0.9020 ± 0.0012,3.2774 ± 0.1083,0.9514 ± 0.0008,4.2265 ± 0.1379,0.6171,3.2774,0.902
biased,citeseer,DAGNN,aps,CJS,0.1,1.0,0.7,0.6204 ± 0.0126,0.9021 ± 0.0007,3.1911 ± 0.1057,0.9515 ± 0.0006,4.1438 ± 0.1292,0.6204,3.1911,0.9021
biased,citeseer,DAGNN,aps,CKL,0.1,1.0,0.7,0.6202 ± 0.0201,0.9022 ± 0.0008,3.1888 ± 0.1419,0.9514 ± 0.0007,4.1501 ± 0.1828,0.6202,3.1888,0.9022
biased,citeseer,DAGNN,aps,jsd,0.1,1.0,0.7,0.5974 ± 0.0180,0.9026 ± 0.0009,3.7938 ± 0.0813,0.9520 ± 0.0005,4.5050 ± 0.0942,0.5974,3.7938,0.9026
biased,citeseer,DAGNN,aps,SRGNN,0.1,1.0,0.7,0.6177 ± 0.0113,0.9019 ± 0.0008,3.1734 ± 0.1158,0.9516 ± 0.0008,4.1820 ± 0.1536,0.6177,3.1734,0.9019
biased,citeseer,DAGNN,aps,biased(CE),0.1,1.0,0.0,0.6019 ± 0.0096,0.9029 ± 0.0005,3.8453 ± 0.1650,0.9522 ± 0.0005,4.5272 ± 0.1043,0.6019,3.8453,0.9029
biased,citeseer,DAGNN,aps,cmd,0.1,1.0,0.0,0.6196 ± 0.0266,0.9022 ± 0.0010,3.2371 ± 0.1970,0.9514 ± 0.0009,4.2785 ± 0.2627,0.6196,3.2371,0.9022
biased,citeseer,DAGNN,aps,kld,0.1,1.0,0.0,0.6031 ± 0.0128,0.9028 ± 0.0004,3.8408 ± 0.1780,0.9528 ± 0.0018,4.5617 ± 0.2102,0.6031,3.8408,0.9028
biased,citeseer,DAGNN,aps,MMD,0.1,1.0,0.0,0.6019 ± 0.0140,0.9030 ± 0.0006,3.8173 ± 0.1855,0.9536 ± 0.0052,4.5443 ± 0.2754,0.6019,3.8173,0.903
biased,citeseer,DAGNN,aps,CJS,0.1,1.0,1.0,0.6187 ± 0.0133,0.9023 ± 0.0010,3.2809 ± 0.2972,0.9516 ± 0.0006,4.2558 ± 0.2708,0.6187,3.2809,0.9023
biased,citeseer,DAGNN,aps,CKL,0.1,1.0,1.0,0.6151 ± 0.0140,0.9020 ± 0.0006,3.1870 ± 0.1816,0.9511 ± 0.0006,4.1017 ± 0.1845,0.6151,3.187,0.902
biased,citeseer,DAGNN,aps,jsd,0.1,1.0,1.0,0.5951 ± 0.0168,0.9029 ± 0.0009,3.9433 ± 0.2141,0.9565 ± 0.0106,4.7743 ± 0.4085,0.5951,3.9433,0.9029
biased,citeseer,DAGNN,aps,SRGNN,0.1,1.0,1.0,0.6242 ± 0.0126,0.9022 ± 0.0008,3.2046 ± 0.1585,0.9516 ± 0.0006,4.2235 ± 0.1727,0.6242,3.2046,0.9022
biased,citeseer,GAT,aps,CJS,0.1,0.1,0.1,0.5799 ± 0.0470,0.9021 ± 0.0009,3.4854 ± 0.2717,0.9519 ± 0.0008,4.4548 ± 0.2332,0.5799,3.4854,0.9021
biased,citeseer,GAT,aps,CKL,0.1,0.1,0.1,0.5789 ± 0.0510,0.9023 ± 0.0025,3.6121 ± 0.5294,0.9540 ± 0.0076,4.5305 ± 0.4595,0.5789,3.6121,0.9023
biased,citeseer,GAT,aps,jsd,0.1,0.1,0.1,0.6041 ± 0.0222,0.9016 ± 0.0005,3.1140 ± 0.1002,0.9514 ± 0.0003,3.9453 ± 0.1332,0.6041,3.114,0.9016
biased,citeseer,GAT,aps,SRGNN,0.1,0.1,0.1,0.5747 ± 0.0572,0.9018 ± 0.0011,3.4657 ± 0.4032,0.9540 ± 0.0093,4.4248 ± 0.4360,0.5747,3.4657,0.9018
biased,citeseer,GAT,aps,CJS,0.1,0.1,0.3,0.5896 ± 0.0287,0.9020 ± 0.0012,3.4920 ± 0.3793,0.9519 ± 0.0013,4.4084 ± 0.2750,0.5896,3.492,0.902
biased,citeseer,GAT,aps,CKL,0.1,0.1,0.3,0.5510 ± 0.0674,0.9018 ± 0.0012,3.5584 ± 0.2845,0.9517 ± 0.0011,4.4807 ± 0.2346,0.551,3.5584,0.9018
biased,citeseer,GAT,aps,jsd,0.1,0.1,0.3,0.6003 ± 0.0219,0.9015 ± 0.0007,3.1157 ± 0.0713,0.9512 ± 0.0004,3.9277 ± 0.1267,0.6003,3.1157,0.9015
biased,citeseer,GAT,aps,SRGNN,0.1,0.1,0.3,0.5800 ± 0.0501,0.9019 ± 0.0011,3.4816 ± 0.2281,0.9516 ± 0.0007,4.4240 ± 0.2547,0.58,3.4816,0.9019
biased,citeseer,GAT,aps,CJS,0.1,0.1,0.5,0.5819 ± 0.0483,0.9026 ± 0.0039,3.5370 ± 0.5503,0.9541 ± 0.0076,4.4670 ± 0.4355,0.5819,3.537,0.9026
biased,citeseer,GAT,aps,CKL,0.1,0.1,0.5,0.5902 ± 0.0291,0.9017 ± 0.0007,3.3638 ± 0.1535,0.9513 ± 0.0006,4.3379 ± 0.2176,0.5902,3.3638,0.9017
biased,citeseer,GAT,aps,jsd,0.1,0.1,0.5,0.6034 ± 0.0212,0.9015 ± 0.0006,3.0963 ± 0.0802,0.9513 ± 0.0004,3.9301 ± 0.0874,0.6034,3.0963,0.9015
biased,citeseer,GAT,aps,SRGNN,0.1,0.1,0.5,0.5753 ± 0.0408,0.9017 ± 0.0009,3.4386 ± 0.2868,0.9516 ± 0.0009,4.3877 ± 0.2348,0.5753,3.4386,0.9017
biased,citeseer,GAT,aps,CJS,0.1,0.1,0.7,0.5723 ± 0.0341,0.9021 ± 0.0012,3.6222 ± 0.3255,0.9523 ± 0.0011,4.5844 ± 0.2988,0.5723,3.6222,0.9021
biased,citeseer,GAT,aps,CKL,0.1,0.1,0.7,0.5874 ± 0.0222,0.9020 ± 0.0009,3.6106 ± 0.3613,0.9542 ± 0.0096,4.5772 ± 0.4319,0.5874,3.6106,0.902
biased,citeseer,GAT,aps,jsd,0.1,0.1,0.7,0.6020 ± 0.0094,0.9018 ± 0.0006,3.1339 ± 0.0972,0.9514 ± 0.0005,3.9676 ± 0.1412,0.602,3.1339,0.9018
biased,citeseer,GAT,aps,SRGNN,0.1,0.1,0.7,0.5850 ± 0.0290,0.9018 ± 0.0007,3.5178 ± 0.2546,0.9531 ± 0.0050,4.5026 ± 0.3647,0.585,3.5178,0.9018
biased,citeseer,GAT,aps,cmd,0.1,0.1,0.0,0.5608 ± 0.0371,0.9019 ± 0.0011,3.5596 ± 0.3493,0.9528 ± 0.0059,4.5056 ± 0.3578,0.5608,3.5596,0.9019
biased,citeseer,GAT,aps,kld,0.1,0.1,0.0,0.6002 ± 0.0194,0.9016 ± 0.0007,3.1732 ± 0.1296,0.9514 ± 0.0005,4.0245 ± 0.1676,0.6002,3.1732,0.9016
biased,citeseer,GAT,aps,MMD,0.1,0.1,0.0,0.5968 ± 0.0102,0.9015 ± 0.0007,3.1458 ± 0.1166,0.9512 ± 0.0004,3.9781 ± 0.1472,0.5968,3.1458,0.9015
biased,citeseer,GAT,aps,CJS,0.1,0.1,1.0,0.5807 ± 0.0271,0.9022 ± 0.0010,3.4987 ± 0.3389,0.9516 ± 0.0007,4.3740 ± 0.2647,0.5807,3.4987,0.9022
biased,citeseer,GAT,aps,CKL,0.1,0.1,1.0,0.5695 ± 0.0347,0.9016 ± 0.0018,3.6730 ± 0.4727,0.9548 ± 0.0091,4.6281 ± 0.5022,0.5695,3.673,0.9016
biased,citeseer,GAT,aps,jsd,0.1,0.1,1.0,0.5966 ± 0.0207,0.9011 ± 0.0007,3.1148 ± 0.1003,0.9512 ± 0.0004,3.9490 ± 0.1401,0.5966,3.1148,0.9011
biased,citeseer,GAT,aps,SRGNN,0.1,0.1,1.0,0.5750 ± 0.0428,0.9013 ± 0.0012,3.4194 ± 0.2558,0.9512 ± 0.0009,4.3293 ± 0.2068,0.575,3.4194,0.9013
biased,citeseer,GAT,aps,CJS,0.1,0.3,0.1,0.5509 ± 0.0432,0.9016 ± 0.0009,3.5733 ± 0.2698,0.9521 ± 0.0014,4.5385 ± 0.2685,0.5509,3.5733,0.9016
biased,citeseer,GAT,aps,CKL,0.1,0.3,0.1,0.5811 ± 0.0327,0.9018 ± 0.0011,3.4622 ± 0.2360,0.9515 ± 0.0010,4.4445 ± 0.2442,0.5811,3.4622,0.9018
biased,citeseer,GAT,aps,jsd,0.1,0.3,0.1,0.5983 ± 0.0155,0.9017 ± 0.0005,3.1526 ± 0.0900,0.9515 ± 0.0004,4.0151 ± 0.1882,0.5983,3.1526,0.9017
biased,citeseer,GAT,aps,SRGNN,0.1,0.3,0.1,0.5544 ± 0.0562,0.9018 ± 0.0011,3.6293 ± 0.4366,0.9555 ± 0.0102,4.6305 ± 0.5168,0.5544,3.6293,0.9018
biased,citeseer,GAT,aps,CJS,0.1,0.3,0.3,0.5775 ± 0.0301,0.9021 ± 0.0013,3.5832 ± 0.2514,0.9531 ± 0.0060,4.5074 ± 0.3419,0.5775,3.5832,0.9021
biased,citeseer,GAT,aps,CKL,0.1,0.3,0.3,0.5557 ± 0.0273,0.9020 ± 0.0012,3.7596 ± 0.3352,0.9533 ± 0.0037,4.6475 ± 0.3642,0.5557,3.7596,0.902
biased,citeseer,GAT,aps,jsd,0.1,0.3,0.3,0.5963 ± 0.0169,0.9017 ± 0.0007,3.1197 ± 0.0885,0.9514 ± 0.0005,3.9627 ± 0.1165,0.5963,3.1197,0.9017
biased,citeseer,GAT,aps,SRGNN,0.1,0.3,0.3,0.5690 ± 0.0313,0.9020 ± 0.0010,3.5762 ± 0.3195,0.9515 ± 0.0008,4.4941 ± 0.2704,0.569,3.5762,0.902
biased,citeseer,GAT,aps,CJS,0.1,0.3,0.5,0.5613 ± 0.0386,0.9018 ± 0.0012,3.7344 ± 0.3722,0.9542 ± 0.0047,4.7009 ± 0.4003,0.5613,3.7344,0.9018
biased,citeseer,GAT,aps,CKL,0.1,0.3,0.5,0.5459 ± 0.0679,0.9019 ± 0.0014,3.6303 ± 0.4555,0.9545 ± 0.0079,4.5468 ± 0.4754,0.5459,3.6303,0.9019
biased,citeseer,GAT,aps,jsd,0.1,0.3,0.5,0.5966 ± 0.0276,0.9016 ± 0.0007,3.1284 ± 0.1460,0.9513 ± 0.0004,3.9620 ± 0.1928,0.5966,3.1284,0.9016
biased,citeseer,GAT,aps,SRGNN,0.1,0.3,0.5,0.5621 ± 0.0675,0.9061 ± 0.0152,3.6502 ± 0.6107,0.9539 ± 0.0075,4.5388 ± 0.4428,0.5621,3.6502,0.9061
biased,citeseer,GAT,aps,CJS,0.1,0.3,0.7,0.5471 ± 0.0563,0.9019 ± 0.0015,3.6931 ± 0.3868,0.9551 ± 0.0084,4.6437 ± 0.4552,0.5471,3.6931,0.9019
biased,citeseer,GAT,aps,CKL,0.1,0.3,0.7,0.5797 ± 0.0241,0.9025 ± 0.0011,3.6428 ± 0.3108,0.9526 ± 0.0028,4.5556 ± 0.2759,0.5797,3.6428,0.9025
biased,citeseer,GAT,aps,jsd,0.1,0.3,0.7,0.5920 ± 0.0159,0.9017 ± 0.0006,3.1730 ± 0.1239,0.9515 ± 0.0004,4.0478 ± 0.1682,0.592,3.173,0.9017
biased,citeseer,GAT,aps,SRGNN,0.1,0.3,0.7,0.5758 ± 0.0333,0.9023 ± 0.0015,3.7800 ± 0.3311,0.9547 ± 0.0073,4.7543 ± 0.3922,0.5758,3.78,0.9023
biased,citeseer,GAT,aps,cmd,0.1,0.3,0.0,0.5546 ± 0.0353,0.9025 ± 0.0027,3.7021 ± 0.4945,0.9552 ± 0.0089,4.6293 ± 0.4740,0.5546,3.7021,0.9025
biased,citeseer,GAT,aps,kld,0.1,0.3,0.0,0.6089 ± 0.0120,0.9015 ± 0.0005,3.1162 ± 0.1084,0.9513 ± 0.0004,3.9258 ± 0.1324,0.6089,3.1162,0.9015
biased,citeseer,GAT,aps,MMD,0.1,0.3,0.0,0.5938 ± 0.0190,0.9014 ± 0.0007,3.1436 ± 0.1321,0.9514 ± 0.0004,3.9729 ± 0.1719,0.5938,3.1436,0.9014
biased,citeseer,GAT,aps,CJS,0.1,0.3,1.0,0.5830 ± 0.0314,0.9020 ± 0.0010,3.6128 ± 0.3740,0.9543 ± 0.0086,4.6003 ± 0.4211,0.583,3.6128,0.902
biased,citeseer,GAT,aps,CKL,0.1,0.3,1.0,0.5707 ± 0.0426,0.9016 ± 0.0013,3.6538 ± 0.4042,0.9537 ± 0.0071,4.5836 ± 0.4736,0.5707,3.6538,0.9016
biased,citeseer,GAT,aps,jsd,0.1,0.3,1.0,0.5998 ± 0.0186,0.9014 ± 0.0004,3.0834 ± 0.0500,0.9512 ± 0.0005,3.8928 ± 0.0690,0.5998,3.0834,0.9014
biased,citeseer,GAT,aps,SRGNN,0.1,0.3,1.0,0.5526 ± 0.0731,0.9023 ± 0.0008,3.7530 ± 0.3654,0.9549 ± 0.0063,4.7561 ± 0.4493,0.5526,3.753,0.9023
biased,citeseer,GAT,aps,CJS,0.1,0.5,0.1,0.5602 ± 0.0395,0.9018 ± 0.0012,3.6238 ± 0.3553,0.9520 ± 0.0019,4.5243 ± 0.2914,0.5602,3.6238,0.9018
biased,citeseer,GAT,aps,CKL,0.1,0.5,0.1,0.5316 ± 0.0851,0.9019 ± 0.0020,3.8686 ± 0.4616,0.9542 ± 0.0094,4.7393 ± 0.3888,0.5316,3.8686,0.9019
biased,citeseer,GAT,aps,jsd,0.1,0.5,0.1,0.5990 ± 0.0131,0.9016 ± 0.0007,3.1253 ± 0.1199,0.9513 ± 0.0004,3.9611 ± 0.1497,0.599,3.1253,0.9016
biased,citeseer,GAT,aps,SRGNN,0.1,0.5,0.1,0.5713 ± 0.0419,0.9020 ± 0.0012,3.7088 ± 0.4339,0.9544 ± 0.0066,4.6698 ± 0.4660,0.5713,3.7088,0.902
biased,citeseer,GAT,aps,CJS,0.1,0.5,0.3,0.5497 ± 0.0445,0.9014 ± 0.0009,3.6497 ± 0.3654,0.9551 ± 0.0097,4.6213 ± 0.4906,0.5497,3.6497,0.9014
biased,citeseer,GAT,aps,CKL,0.1,0.5,0.3,0.5677 ± 0.0396,0.9020 ± 0.0007,3.5799 ± 0.3197,0.9521 ± 0.0010,4.5208 ± 0.2949,0.5677,3.5799,0.902
biased,citeseer,GAT,aps,jsd,0.1,0.5,0.3,0.5991 ± 0.0173,0.9013 ± 0.0006,3.0999 ± 0.1035,0.9514 ± 0.0005,3.9494 ± 0.1505,0.5991,3.0999,0.9013
biased,citeseer,GAT,aps,SRGNN,0.1,0.5,0.3,0.5360 ± 0.0577,0.9014 ± 0.0010,3.5585 ± 0.3057,0.9529 ± 0.0060,4.4578 ± 0.3832,0.536,3.5585,0.9014
biased,citeseer,GAT,aps,CJS,0.1,0.5,0.5,0.5343 ± 0.0724,0.9021 ± 0.0015,3.7751 ± 0.2884,0.9520 ± 0.0019,4.6416 ± 0.2480,0.5343,3.7751,0.9021
biased,citeseer,GAT,aps,CKL,0.1,0.5,0.5,0.5629 ± 0.0460,0.9027 ± 0.0013,3.7855 ± 0.4566,0.9570 ± 0.0123,4.6602 ± 0.5514,0.5629,3.7855,0.9027
biased,citeseer,GAT,aps,jsd,0.1,0.5,0.5,0.5982 ± 0.0213,0.9016 ± 0.0005,3.0964 ± 0.0830,0.9513 ± 0.0004,3.9449 ± 0.1073,0.5982,3.0964,0.9016
biased,citeseer,GAT,aps,SRGNN,0.1,0.5,0.5,0.5434 ± 0.0506,0.9019 ± 0.0012,3.6851 ± 0.3376,0.9538 ± 0.0055,4.6329 ± 0.4176,0.5434,3.6851,0.9019
biased,citeseer,GAT,aps,CJS,0.1,0.5,0.7,0.5631 ± 0.0417,0.9012 ± 0.0014,3.6739 ± 0.3421,0.9523 ± 0.0021,4.6212 ± 0.3449,0.5631,3.6739,0.9012
biased,citeseer,GAT,aps,CKL,0.1,0.5,0.7,0.5467 ± 0.0455,0.9017 ± 0.0012,3.6539 ± 0.4126,0.9554 ± 0.0103,4.6393 ± 0.5287,0.5467,3.6539,0.9017
biased,citeseer,GAT,aps,jsd,0.1,0.5,0.7,0.6012 ± 0.0192,0.9016 ± 0.0009,3.1195 ± 0.1008,0.9514 ± 0.0004,3.9743 ± 0.1431,0.6012,3.1195,0.9016
biased,citeseer,GAT,aps,SRGNN,0.1,0.5,0.7,0.5563 ± 0.0548,0.9018 ± 0.0017,3.7666 ± 0.4637,0.9567 ± 0.0090,4.7586 ± 0.5421,0.5563,3.7666,0.9018
biased,citeseer,GAT,aps,cmd,0.1,0.5,0.0,0.5491 ± 0.0533,0.9019 ± 0.0014,3.7568 ± 0.3973,0.9555 ± 0.0078,4.7562 ± 0.4923,0.5491,3.7568,0.9019
biased,citeseer,GAT,aps,kld,0.1,0.5,0.0,0.6050 ± 0.0213,0.9016 ± 0.0006,3.1346 ± 0.0806,0.9513 ± 0.0004,3.9881 ± 0.1258,0.605,3.1346,0.9016
biased,citeseer,GAT,aps,MMD,0.1,0.5,0.0,0.5982 ± 0.0197,0.9017 ± 0.0007,3.1600 ± 0.0790,0.9513 ± 0.0005,4.0224 ± 0.0992,0.5982,3.16,0.9017
biased,citeseer,GAT,aps,CJS,0.1,0.5,1.0,0.5550 ± 0.0554,0.9016 ± 0.0013,3.7013 ± 0.3089,0.9541 ± 0.0091,4.5927 ± 0.4053,0.555,3.7013,0.9016
biased,citeseer,GAT,aps,CKL,0.1,0.5,1.0,0.5653 ± 0.0421,0.9023 ± 0.0010,3.7941 ± 0.3562,0.9547 ± 0.0092,4.6678 ± 0.4133,0.5653,3.7941,0.9023
biased,citeseer,GAT,aps,jsd,0.1,0.5,1.0,0.6050 ± 0.0119,0.9019 ± 0.0005,3.1142 ± 0.0964,0.9513 ± 0.0003,3.9907 ± 0.1552,0.605,3.1142,0.9019
biased,citeseer,GAT,aps,SRGNN,0.1,0.5,1.0,0.5631 ± 0.0579,0.9019 ± 0.0009,3.7323 ± 0.3640,0.9555 ± 0.0090,4.7596 ± 0.4743,0.5631,3.7323,0.9019
biased,citeseer,GAT,aps,CJS,0.1,0.7,0.1,0.5542 ± 0.0409,0.9019 ± 0.0011,3.7889 ± 0.3594,0.9546 ± 0.0091,4.7244 ± 0.4079,0.5542,3.7889,0.9019
biased,citeseer,GAT,aps,CKL,0.1,0.7,0.1,0.5464 ± 0.0660,0.9016 ± 0.0007,3.6391 ± 0.2536,0.9516 ± 0.0007,4.4990 ± 0.2214,0.5464,3.6391,0.9016
biased,citeseer,GAT,aps,jsd,0.1,0.7,0.1,0.6056 ± 0.0216,0.9017 ± 0.0008,3.1656 ± 0.1249,0.9514 ± 0.0007,4.0127 ± 0.2027,0.6056,3.1656,0.9017
biased,citeseer,GAT,aps,SRGNN,0.1,0.7,0.1,0.5641 ± 0.0549,0.9021 ± 0.0010,3.7365 ± 0.2735,0.9534 ± 0.0041,4.6948 ± 0.3481,0.5641,3.7365,0.9021
biased,citeseer,GAT,aps,CJS,0.1,0.7,0.3,0.5367 ± 0.0642,0.9059 ± 0.0141,4.0115 ± 0.6018,0.9594 ± 0.0142,4.9003 ± 0.5272,0.5367,4.0115,0.9059
biased,citeseer,GAT,aps,CKL,0.1,0.7,0.3,0.5304 ± 0.0591,0.9034 ± 0.0040,3.8840 ± 0.5167,0.9549 ± 0.0085,4.7230 ± 0.4271,0.5304,3.884,0.9034
biased,citeseer,GAT,aps,jsd,0.1,0.7,0.3,0.5946 ± 0.0242,0.9017 ± 0.0007,3.1738 ± 0.1222,0.9515 ± 0.0004,4.0256 ± 0.1783,0.5946,3.1738,0.9017
biased,citeseer,GAT,aps,SRGNN,0.1,0.7,0.3,0.5286 ± 0.0620,0.9012 ± 0.0015,3.8112 ± 0.2989,0.9525 ± 0.0028,4.6922 ± 0.3503,0.5286,3.8112,0.9012
biased,citeseer,GAT,aps,CJS,0.1,0.7,0.5,0.5347 ± 0.0592,0.9013 ± 0.0017,3.7578 ± 0.3737,0.9547 ± 0.0088,4.7003 ± 0.4608,0.5347,3.7578,0.9013
biased,citeseer,GAT,aps,CKL,0.1,0.7,0.5,0.5264 ± 0.0436,0.9020 ± 0.0011,3.7409 ± 0.2514,0.9521 ± 0.0024,4.5799 ± 0.2715,0.5264,3.7409,0.902
biased,citeseer,GAT,aps,jsd,0.1,0.7,0.5,0.6000 ± 0.0218,0.9016 ± 0.0005,3.1605 ± 0.1212,0.9514 ± 0.0005,4.0363 ± 0.2001,0.6,3.1605,0.9016
biased,citeseer,GAT,aps,SRGNN,0.1,0.7,0.5,0.5473 ± 0.0616,0.9020 ± 0.0011,3.7536 ± 0.2968,0.9530 ± 0.0022,4.7077 ± 0.3552,0.5473,3.7536,0.902
biased,citeseer,GAT,aps,CJS,0.1,0.7,0.7,0.5547 ± 0.0347,0.9018 ± 0.0016,3.8572 ± 0.3542,0.9555 ± 0.0103,4.7711 ± 0.4292,0.5547,3.8572,0.9018
biased,citeseer,GAT,aps,CKL,0.1,0.7,0.7,0.5541 ± 0.0554,0.9030 ± 0.0026,3.8879 ± 0.5107,0.9569 ± 0.0125,4.7554 ± 0.4838,0.5541,3.8879,0.903
biased,citeseer,GAT,aps,jsd,0.1,0.7,0.7,0.5952 ± 0.0146,0.9018 ± 0.0007,3.1483 ± 0.1167,0.9514 ± 0.0004,3.9913 ± 0.1753,0.5952,3.1483,0.9018
biased,citeseer,GAT,aps,SRGNN,0.1,0.7,0.7,0.5390 ± 0.0644,0.9022 ± 0.0031,3.8641 ± 0.5669,0.9611 ± 0.0148,4.9040 ± 0.6343,0.539,3.8641,0.9022
biased,citeseer,GAT,aps,cmd,0.1,0.7,0.0,0.5680 ± 0.0577,0.9024 ± 0.0014,3.7283 ± 0.3395,0.9531 ± 0.0023,4.7178 ± 0.3521,0.568,3.7283,0.9024
biased,citeseer,GAT,aps,kld,0.1,0.7,0.0,0.5945 ± 0.0196,0.9014 ± 0.0004,3.1011 ± 0.0767,0.9512 ± 0.0004,3.9459 ± 0.1016,0.5945,3.1011,0.9014
biased,citeseer,GAT,aps,MMD,0.1,0.7,0.0,0.5971 ± 0.0137,0.9016 ± 0.0007,3.1486 ± 0.1095,0.9515 ± 0.0004,4.0065 ± 0.1608,0.5971,3.1486,0.9016
biased,citeseer,GAT,aps,CJS,0.1,0.7,1.0,0.5500 ± 0.0450,0.9018 ± 0.0012,3.8324 ± 0.4508,0.9577 ± 0.0127,4.8017 ± 0.5298,0.55,3.8324,0.9018
biased,citeseer,GAT,aps,CKL,0.1,0.7,1.0,0.5676 ± 0.0417,0.9024 ± 0.0011,3.7391 ± 0.3640,0.9543 ± 0.0093,4.6694 ± 0.3820,0.5676,3.7391,0.9024
biased,citeseer,GAT,aps,jsd,0.1,0.7,1.0,0.6035 ± 0.0160,0.9016 ± 0.0007,3.1211 ± 0.0802,0.9514 ± 0.0004,3.9674 ± 0.1159,0.6035,3.1211,0.9016
biased,citeseer,GAT,aps,SRGNN,0.1,0.7,1.0,0.5194 ± 0.0907,0.9017 ± 0.0014,3.7891 ± 0.4152,0.9528 ± 0.0025,4.6491 ± 0.3592,0.5194,3.7891,0.9017
biased,citeseer,GAT,aps,CJS,0.1,1.0,0.1,0.5014 ± 0.1032,0.9026 ± 0.0014,3.8506 ± 0.4493,0.9567 ± 0.0121,4.7744 ± 0.4987,0.5014,3.8506,0.9026
biased,citeseer,GAT,aps,CKL,0.1,1.0,0.1,0.5162 ± 0.0688,0.9017 ± 0.0014,3.8449 ± 0.3112,0.9537 ± 0.0057,4.7459 ± 0.3859,0.5162,3.8449,0.9017
biased,citeseer,GAT,aps,jsd,0.1,1.0,0.1,0.5991 ± 0.0181,0.9015 ± 0.0008,3.1268 ± 0.1002,0.9515 ± 0.0003,3.9767 ± 0.1090,0.5991,3.1268,0.9015
biased,citeseer,GAT,aps,SRGNN,0.1,1.0,0.1,0.5540 ± 0.0435,0.9018 ± 0.0014,3.8563 ± 0.4402,0.9587 ± 0.0141,4.8528 ± 0.5364,0.554,3.8563,0.9018
biased,citeseer,GAT,aps,CJS,0.1,1.0,0.3,0.5489 ± 0.0588,0.9032 ± 0.0046,3.8154 ± 0.5324,0.9542 ± 0.0089,4.6426 ± 0.4539,0.5489,3.8154,0.9032
biased,citeseer,GAT,aps,CKL,0.1,1.0,0.3,0.5489 ± 0.0610,0.9017 ± 0.0016,3.7219 ± 0.4413,0.9548 ± 0.0095,4.6931 ± 0.4519,0.5489,3.7219,0.9017
biased,citeseer,GAT,aps,jsd,0.1,1.0,0.3,0.5945 ± 0.0191,0.9013 ± 0.0008,3.1095 ± 0.0580,0.9513 ± 0.0004,3.9565 ± 0.0749,0.5945,3.1095,0.9013
biased,citeseer,GAT,aps,SRGNN,0.1,1.0,0.3,0.5260 ± 0.0611,0.9016 ± 0.0013,3.9677 ± 0.3152,0.9536 ± 0.0044,4.8309 ± 0.3396,0.526,3.9677,0.9016
biased,citeseer,GAT,aps,CJS,0.1,1.0,0.5,0.5438 ± 0.0467,0.9013 ± 0.0017,3.9128 ± 0.3911,0.9565 ± 0.0115,4.8593 ± 0.4483,0.5438,3.9128,0.9013
biased,citeseer,GAT,aps,CKL,0.1,1.0,0.5,0.5068 ± 0.0912,0.9021 ± 0.0012,3.7947 ± 0.3757,0.9526 ± 0.0029,4.6418 ± 0.3140,0.5068,3.7947,0.9021
biased,citeseer,GAT,aps,jsd,0.1,1.0,0.5,0.6050 ± 0.0138,0.9014 ± 0.0006,3.1329 ± 0.1095,0.9512 ± 0.0006,3.9604 ± 0.1756,0.605,3.1329,0.9014
biased,citeseer,GAT,aps,SRGNN,0.1,1.0,0.5,0.5268 ± 0.0712,0.9029 ± 0.0030,4.0007 ± 0.5278,0.9570 ± 0.0127,4.8632 ± 0.4613,0.5268,4.0007,0.9029
biased,citeseer,GAT,aps,CJS,0.1,1.0,0.7,0.5578 ± 0.0370,0.9021 ± 0.0014,3.8337 ± 0.3668,0.9531 ± 0.0041,4.7039 ± 0.3510,0.5578,3.8337,0.9021
biased,citeseer,GAT,aps,CKL,0.1,1.0,0.7,0.5153 ± 0.0678,0.9079 ± 0.0180,3.9876 ± 0.6764,0.9566 ± 0.0098,4.8391 ± 0.5135,0.5153,3.9876,0.9079
biased,citeseer,GAT,aps,jsd,0.1,1.0,0.7,0.6046 ± 0.0118,0.9014 ± 0.0006,3.1227 ± 0.1084,0.9513 ± 0.0004,4.0069 ± 0.1347,0.6046,3.1227,0.9014
biased,citeseer,GAT,aps,SRGNN,0.1,1.0,0.7,0.5164 ± 0.0579,0.9018 ± 0.0013,3.8848 ± 0.3558,0.9563 ± 0.0116,4.7804 ± 0.4698,0.5164,3.8848,0.9018
biased,citeseer,GAT,aps,biased(CE),0.1,1.0,0.0,0.5948 ± 0.0191,0.9013 ± 0.0005,3.0972 ± 0.0749,0.9512 ± 0.0005,3.9347 ± 0.1322,0.5948,3.0972,0.9013
biased,citeseer,GAT,aps,cmd,0.1,1.0,0.0,0.5287 ± 0.0552,0.9020 ± 0.0014,3.9669 ± 0.3472,0.9558 ± 0.0081,4.8735 ± 0.4317,0.5287,3.9669,0.902
biased,citeseer,GAT,aps,kld,0.1,1.0,0.0,0.6005 ± 0.0208,0.9015 ± 0.0005,3.1542 ± 0.0871,0.9514 ± 0.0006,3.9991 ± 0.1464,0.6005,3.1542,0.9015
biased,citeseer,GAT,aps,MMD,0.1,1.0,0.0,0.5947 ± 0.0199,0.9018 ± 0.0005,3.1256 ± 0.0946,0.9514 ± 0.0004,3.9779 ± 0.1305,0.5947,3.1256,0.9018
biased,citeseer,GAT,aps,CJS,0.1,1.0,1.0,0.5094 ± 0.0678,0.9023 ± 0.0014,4.0498 ± 0.4397,0.9593 ± 0.0129,4.9096 ± 0.5512,0.5094,4.0498,0.9023
biased,citeseer,GAT,aps,CKL,0.1,1.0,1.0,0.5472 ± 0.0565,0.9015 ± 0.0015,3.7457 ± 0.4417,0.9545 ± 0.0096,4.6586 ± 0.4156,0.5472,3.7457,0.9015
biased,citeseer,GAT,aps,jsd,0.1,1.0,1.0,0.6045 ± 0.0149,0.9018 ± 0.0008,3.1519 ± 0.1336,0.9515 ± 0.0005,4.0023 ± 0.2075,0.6045,3.1519,0.9018
biased,citeseer,GAT,aps,SRGNN,0.1,1.0,1.0,0.5287 ± 0.0719,0.9059 ± 0.0145,3.9953 ± 0.5745,0.9566 ± 0.0089,4.8793 ± 0.4834,0.5287,3.9953,0.9059
biased,citeseer,GCN,aps,CJS,0.1,0.1,0.1,0.5913 ± 0.0064,0.9029 ± 0.0003,3.5542 ± 0.0663,0.9528 ± 0.0002,4.4069 ± 0.0466,0.5913,3.5542,0.9029
biased,citeseer,GCN,aps,CKL,0.1,0.1,0.1,0.5939 ± 0.0063,0.9030 ± 0.0004,3.5652 ± 0.0503,0.9530 ± 0.0003,4.4350 ± 0.0376,0.5939,3.5652,0.903
biased,citeseer,GCN,aps,jsd,0.1,0.1,0.1,0.5897 ± 0.0059,0.9031 ± 0.0005,3.6004 ± 0.0577,0.9529 ± 0.0002,4.4271 ± 0.0397,0.5897,3.6004,0.9031
biased,citeseer,GCN,aps,SRGNN,0.1,0.1,0.1,0.5911 ± 0.0066,0.9028 ± 0.0003,3.5787 ± 0.0475,0.9528 ± 0.0004,4.4233 ± 0.0372,0.5911,3.5787,0.9028
biased,citeseer,GCN,aps,CJS,0.1,0.1,0.3,0.5906 ± 0.0057,0.9031 ± 0.0005,3.5896 ± 0.0471,0.9530 ± 0.0003,4.4389 ± 0.0364,0.5906,3.5896,0.9031
biased,citeseer,GCN,aps,CKL,0.1,0.1,0.3,0.5974 ± 0.0061,0.9030 ± 0.0004,3.5574 ± 0.0374,0.9529 ± 0.0003,4.4151 ± 0.0356,0.5974,3.5574,0.903
biased,citeseer,GCN,aps,jsd,0.1,0.1,0.3,0.5884 ± 0.0044,0.9032 ± 0.0005,3.6145 ± 0.0369,0.9529 ± 0.0003,4.4489 ± 0.0332,0.5884,3.6145,0.9032
biased,citeseer,GCN,aps,SRGNN,0.1,0.1,0.3,0.5928 ± 0.0057,0.9028 ± 0.0005,3.5563 ± 0.0579,0.9528 ± 0.0003,4.4111 ± 0.0368,0.5928,3.5563,0.9028
biased,citeseer,GCN,aps,CJS,0.1,0.1,0.5,0.5907 ± 0.0074,0.9029 ± 0.0005,3.5544 ± 0.0677,0.9528 ± 0.0003,4.4025 ± 0.0603,0.5907,3.5544,0.9029
biased,citeseer,GCN,aps,CKL,0.1,0.1,0.5,0.5960 ± 0.0061,0.9029 ± 0.0003,3.5506 ± 0.0473,0.9530 ± 0.0004,4.4177 ± 0.0261,0.596,3.5506,0.9029
biased,citeseer,GCN,aps,jsd,0.1,0.1,0.5,0.5868 ± 0.0069,0.9032 ± 0.0004,3.5975 ± 0.0491,0.9531 ± 0.0002,4.4386 ± 0.0312,0.5868,3.5975,0.9032
biased,citeseer,GCN,aps,SRGNN,0.1,0.1,0.5,0.5951 ± 0.0063,0.9030 ± 0.0003,3.5475 ± 0.0434,0.9528 ± 0.0002,4.4137 ± 0.0373,0.5951,3.5475,0.903
biased,citeseer,GCN,aps,CJS,0.1,0.1,0.7,0.5952 ± 0.0053,0.9029 ± 0.0007,3.5160 ± 0.0548,0.9530 ± 0.0003,4.3742 ± 0.0542,0.5952,3.516,0.9029
biased,citeseer,GCN,aps,CKL,0.1,0.1,0.7,0.5923 ± 0.0062,0.9029 ± 0.0003,3.5895 ± 0.0801,0.9530 ± 0.0004,4.4344 ± 0.0578,0.5923,3.5895,0.9029
biased,citeseer,GCN,aps,jsd,0.1,0.1,0.7,0.5899 ± 0.0075,0.9030 ± 0.0003,3.5685 ± 0.0540,0.9530 ± 0.0003,4.4130 ± 0.0347,0.5899,3.5685,0.903
biased,citeseer,GCN,aps,SRGNN,0.1,0.1,0.7,0.5937 ± 0.0062,0.9030 ± 0.0003,3.5589 ± 0.0575,0.9530 ± 0.0004,4.4209 ± 0.0485,0.5937,3.5589,0.903
biased,citeseer,GCN,aps,cmd,0.1,0.1,0.0,0.5915 ± 0.0060,0.9030 ± 0.0004,3.5803 ± 0.0874,0.9529 ± 0.0003,4.4184 ± 0.0490,0.5915,3.5803,0.903
biased,citeseer,GCN,aps,kld,0.1,0.1,0.0,0.5874 ± 0.0070,0.9031 ± 0.0004,3.5993 ± 0.0543,0.9531 ± 0.0003,4.4273 ± 0.0415,0.5874,3.5993,0.9031
biased,citeseer,GCN,aps,MMD,0.1,0.1,0.0,0.5881 ± 0.0062,0.9033 ± 0.0005,3.5776 ± 0.0877,0.9531 ± 0.0003,4.4250 ± 0.0590,0.5881,3.5776,0.9033
biased,citeseer,GCN,aps,CJS,0.1,0.1,1.0,0.5956 ± 0.0053,0.9028 ± 0.0003,3.5192 ± 0.0453,0.9529 ± 0.0003,4.3874 ± 0.0443,0.5956,3.5192,0.9028
biased,citeseer,GCN,aps,CKL,0.1,0.1,1.0,0.5950 ± 0.0067,0.9027 ± 0.0003,3.5569 ± 0.0576,0.9526 ± 0.0004,4.4163 ± 0.0431,0.595,3.5569,0.9027
biased,citeseer,GCN,aps,jsd,0.1,0.1,1.0,0.5857 ± 0.0074,0.9031 ± 0.0002,3.5822 ± 0.0868,0.9529 ± 0.0003,4.4112 ± 0.0546,0.5857,3.5822,0.9031
biased,citeseer,GCN,aps,SRGNN,0.1,0.1,1.0,0.5937 ± 0.0076,0.9028 ± 0.0003,3.5517 ± 0.0598,0.9531 ± 0.0004,4.4147 ± 0.0420,0.5937,3.5517,0.9028
biased,citeseer,GCN,aps,CJS,0.1,0.3,0.1,0.5940 ± 0.0057,0.9030 ± 0.0004,3.5730 ± 0.0556,0.9527 ± 0.0002,4.4365 ± 0.0368,0.594,3.573,0.903
biased,citeseer,GCN,aps,CKL,0.1,0.3,0.1,0.5972 ± 0.0075,0.9028 ± 0.0004,3.5347 ± 0.0474,0.9529 ± 0.0003,4.4117 ± 0.0420,0.5972,3.5347,0.9028
biased,citeseer,GCN,aps,jsd,0.1,0.3,0.1,0.5893 ± 0.0089,0.9031 ± 0.0005,3.5909 ± 0.0705,0.9530 ± 0.0003,4.4263 ± 0.0410,0.5893,3.5909,0.9031
biased,citeseer,GCN,aps,SRGNN,0.1,0.3,0.1,0.5979 ± 0.0060,0.9027 ± 0.0004,3.5261 ± 0.0433,0.9528 ± 0.0002,4.4050 ± 0.0369,0.5979,3.5261,0.9027
biased,citeseer,GCN,aps,CJS,0.1,0.3,0.3,0.5986 ± 0.0051,0.9029 ± 0.0005,3.5187 ± 0.0560,0.9529 ± 0.0003,4.3979 ± 0.0440,0.5986,3.5187,0.9029
biased,citeseer,GCN,aps,CKL,0.1,0.3,0.3,0.5938 ± 0.0099,0.9030 ± 0.0003,3.5273 ± 0.0742,0.9530 ± 0.0003,4.3913 ± 0.0472,0.5938,3.5273,0.903
biased,citeseer,GCN,aps,jsd,0.1,0.3,0.3,0.5854 ± 0.0055,0.9032 ± 0.0003,3.5915 ± 0.0931,0.9529 ± 0.0003,4.4312 ± 0.0623,0.5854,3.5915,0.9032
biased,citeseer,GCN,aps,SRGNN,0.1,0.3,0.3,0.5962 ± 0.0060,0.9028 ± 0.0003,3.5465 ± 0.0486,0.9528 ± 0.0003,4.4257 ± 0.0451,0.5962,3.5465,0.9028
biased,citeseer,GCN,aps,CJS,0.1,0.3,0.5,0.5987 ± 0.0073,0.9029 ± 0.0003,3.5214 ± 0.0711,0.9528 ± 0.0004,4.3930 ± 0.0625,0.5987,3.5214,0.9029
biased,citeseer,GCN,aps,CKL,0.1,0.3,0.5,0.5972 ± 0.0066,0.9029 ± 0.0004,3.5367 ± 0.0517,0.9530 ± 0.0004,4.4063 ± 0.0432,0.5972,3.5367,0.9029
biased,citeseer,GCN,aps,jsd,0.1,0.3,0.5,0.5880 ± 0.0063,0.9031 ± 0.0004,3.6084 ± 0.0506,0.9531 ± 0.0003,4.4437 ± 0.0356,0.588,3.6084,0.9031
biased,citeseer,GCN,aps,SRGNN,0.1,0.3,0.5,0.5979 ± 0.0065,0.9029 ± 0.0003,3.4965 ± 0.0654,0.9529 ± 0.0003,4.3851 ± 0.0481,0.5979,3.4965,0.9029
biased,citeseer,GCN,aps,CJS,0.1,0.3,0.7,0.5955 ± 0.0080,0.9029 ± 0.0004,3.5196 ± 0.0659,0.9529 ± 0.0004,4.3920 ± 0.0474,0.5955,3.5196,0.9029
biased,citeseer,GCN,aps,CKL,0.1,0.3,0.7,0.5984 ± 0.0053,0.9028 ± 0.0003,3.5347 ± 0.0656,0.9528 ± 0.0004,4.3978 ± 0.0482,0.5984,3.5347,0.9028
biased,citeseer,GCN,aps,jsd,0.1,0.3,0.7,0.5905 ± 0.0070,0.9029 ± 0.0005,3.5683 ± 0.0690,0.9530 ± 0.0004,4.4126 ± 0.0473,0.5905,3.5683,0.9029
biased,citeseer,GCN,aps,SRGNN,0.1,0.3,0.7,0.5961 ± 0.0058,0.9029 ± 0.0003,3.5321 ± 0.0648,0.9529 ± 0.0003,4.4117 ± 0.0485,0.5961,3.5321,0.9029
biased,citeseer,GCN,aps,cmd,0.1,0.3,0.0,0.5975 ± 0.0067,0.9028 ± 0.0004,3.5237 ± 0.0715,0.9529 ± 0.0003,4.3949 ± 0.0480,0.5975,3.5237,0.9028
biased,citeseer,GCN,aps,kld,0.1,0.3,0.0,0.5884 ± 0.0050,0.9031 ± 0.0004,3.6050 ± 0.0531,0.9529 ± 0.0002,4.4429 ± 0.0368,0.5884,3.605,0.9031
biased,citeseer,GCN,aps,MMD,0.1,0.3,0.0,0.5878 ± 0.0072,0.9032 ± 0.0004,3.6099 ± 0.0684,0.9530 ± 0.0003,4.4448 ± 0.0385,0.5878,3.6099,0.9032
biased,citeseer,GCN,aps,CJS,0.1,0.3,1.0,0.5977 ± 0.0087,0.9026 ± 0.0005,3.4972 ± 0.0648,0.9528 ± 0.0004,4.3859 ± 0.0573,0.5977,3.4972,0.9026
biased,citeseer,GCN,aps,CKL,0.1,0.3,1.0,0.5962 ± 0.0061,0.9030 ± 0.0003,3.5514 ± 0.0369,0.9528 ± 0.0004,4.4142 ± 0.0349,0.5962,3.5514,0.903
biased,citeseer,GCN,aps,jsd,0.1,0.3,1.0,0.5898 ± 0.0100,0.9030 ± 0.0005,3.5956 ± 0.0697,0.9530 ± 0.0003,4.4290 ± 0.0586,0.5898,3.5956,0.903
biased,citeseer,GCN,aps,SRGNN,0.1,0.3,1.0,0.5974 ± 0.0062,0.9026 ± 0.0003,3.5111 ± 0.0648,0.9529 ± 0.0003,4.3913 ± 0.0480,0.5974,3.5111,0.9026
biased,citeseer,GCN,aps,CJS,0.1,0.5,0.1,0.6025 ± 0.0038,0.9029 ± 0.0004,3.4913 ± 0.0683,0.9528 ± 0.0004,4.3874 ± 0.0495,0.6025,3.4913,0.9029
biased,citeseer,GCN,aps,CKL,0.1,0.5,0.1,0.6033 ± 0.0063,0.9029 ± 0.0005,3.4831 ± 0.0703,0.9530 ± 0.0004,4.3719 ± 0.0665,0.6033,3.4831,0.9029
biased,citeseer,GCN,aps,jsd,0.1,0.5,0.1,0.5875 ± 0.0072,0.9030 ± 0.0004,3.5972 ± 0.0506,0.9530 ± 0.0003,4.4345 ± 0.0293,0.5875,3.5972,0.903
biased,citeseer,GCN,aps,SRGNN,0.1,0.5,0.1,0.6022 ± 0.0054,0.9027 ± 0.0004,3.4957 ± 0.0357,0.9527 ± 0.0003,4.3797 ± 0.0389,0.6022,3.4957,0.9027
biased,citeseer,GCN,aps,CJS,0.1,0.5,0.3,0.6003 ± 0.0077,0.9028 ± 0.0004,3.4924 ± 0.0554,0.9528 ± 0.0005,4.3739 ± 0.0579,0.6003,3.4924,0.9028
biased,citeseer,GCN,aps,CKL,0.1,0.5,0.3,0.6005 ± 0.0065,0.9027 ± 0.0004,3.5289 ± 0.0767,0.9529 ± 0.0004,4.4110 ± 0.0635,0.6005,3.5289,0.9027
biased,citeseer,GCN,aps,jsd,0.1,0.5,0.3,0.5874 ± 0.0046,0.9032 ± 0.0004,3.6204 ± 0.0415,0.9529 ± 0.0003,4.4458 ± 0.0318,0.5874,3.6204,0.9032
biased,citeseer,GCN,aps,SRGNN,0.1,0.5,0.3,0.5992 ± 0.0058,0.9028 ± 0.0003,3.5080 ± 0.0800,0.9528 ± 0.0004,4.3937 ± 0.0799,0.5992,3.508,0.9028
biased,citeseer,GCN,aps,CJS,0.1,0.5,0.5,0.6026 ± 0.0060,0.9029 ± 0.0004,3.5097 ± 0.0718,0.9529 ± 0.0002,4.3888 ± 0.0689,0.6026,3.5097,0.9029
biased,citeseer,GCN,aps,CKL,0.1,0.5,0.5,0.6014 ± 0.0059,0.9027 ± 0.0003,3.5082 ± 0.0451,0.9529 ± 0.0003,4.3877 ± 0.0398,0.6014,3.5082,0.9027
biased,citeseer,GCN,aps,jsd,0.1,0.5,0.5,0.5900 ± 0.0045,0.9030 ± 0.0003,3.6064 ± 0.0536,0.9530 ± 0.0002,4.4423 ± 0.0346,0.59,3.6064,0.903
biased,citeseer,GCN,aps,SRGNN,0.1,0.5,0.5,0.6011 ± 0.0046,0.9029 ± 0.0004,3.5027 ± 0.0467,0.9528 ± 0.0004,4.3885 ± 0.0485,0.6011,3.5027,0.9029
biased,citeseer,GCN,aps,CJS,0.1,0.5,0.7,0.5987 ± 0.0057,0.9027 ± 0.0003,3.5157 ± 0.0655,0.9527 ± 0.0003,4.3985 ± 0.0653,0.5987,3.5157,0.9027
biased,citeseer,GCN,aps,CKL,0.1,0.5,0.7,0.5997 ± 0.0051,0.9028 ± 0.0004,3.5165 ± 0.0487,0.9529 ± 0.0005,4.3965 ± 0.0412,0.5997,3.5165,0.9028
biased,citeseer,GCN,aps,jsd,0.1,0.5,0.7,0.5864 ± 0.0071,0.9030 ± 0.0004,3.6055 ± 0.0508,0.9528 ± 0.0003,4.4392 ± 0.0421,0.5864,3.6055,0.903
biased,citeseer,GCN,aps,SRGNN,0.1,0.5,0.7,0.6026 ± 0.0065,0.9026 ± 0.0003,3.4704 ± 0.0373,0.9530 ± 0.0003,4.3583 ± 0.0385,0.6026,3.4704,0.9026
biased,citeseer,GCN,aps,cmd,0.1,0.5,0.0,0.5981 ± 0.0072,0.9028 ± 0.0004,3.5025 ± 0.0629,0.9530 ± 0.0005,4.3750 ± 0.0589,0.5981,3.5025,0.9028
biased,citeseer,GCN,aps,kld,0.1,0.5,0.0,0.5897 ± 0.0067,0.9031 ± 0.0004,3.5744 ± 0.0521,0.9529 ± 0.0003,4.4203 ± 0.0459,0.5897,3.5744,0.9031
biased,citeseer,GCN,aps,MMD,0.1,0.5,0.0,0.5884 ± 0.0068,0.9031 ± 0.0003,3.5842 ± 0.0631,0.9529 ± 0.0003,4.4269 ± 0.0470,0.5884,3.5842,0.9031
biased,citeseer,GCN,aps,CJS,0.1,0.5,1.0,0.6008 ± 0.0053,0.9028 ± 0.0005,3.4987 ± 0.0662,0.9528 ± 0.0004,4.3927 ± 0.0581,0.6008,3.4987,0.9028
biased,citeseer,GCN,aps,CKL,0.1,0.5,1.0,0.6023 ± 0.0049,0.9029 ± 0.0003,3.4954 ± 0.0426,0.9529 ± 0.0004,4.3841 ± 0.0402,0.6023,3.4954,0.9029
biased,citeseer,GCN,aps,jsd,0.1,0.5,1.0,0.5874 ± 0.0071,0.9030 ± 0.0002,3.6007 ± 0.0711,0.9528 ± 0.0003,4.4435 ± 0.0431,0.5874,3.6007,0.903
biased,citeseer,GCN,aps,SRGNN,0.1,0.5,1.0,0.5999 ± 0.0061,0.9029 ± 0.0003,3.4916 ± 0.0582,0.9529 ± 0.0004,4.3728 ± 0.0627,0.5999,3.4916,0.9029
biased,citeseer,GCN,aps,CJS,0.1,0.7,0.1,0.5997 ± 0.0067,0.9029 ± 0.0005,3.4978 ± 0.0708,0.9530 ± 0.0006,4.3785 ± 0.0646,0.5997,3.4978,0.9029
biased,citeseer,GCN,aps,CKL,0.1,0.7,0.1,0.6031 ± 0.0082,0.9028 ± 0.0004,3.4867 ± 0.0507,0.9527 ± 0.0005,4.3691 ± 0.0500,0.6031,3.4867,0.9028
biased,citeseer,GCN,aps,jsd,0.1,0.7,0.1,0.5857 ± 0.0064,0.9031 ± 0.0003,3.5901 ± 0.0606,0.9530 ± 0.0004,4.4289 ± 0.0408,0.5857,3.5901,0.9031
biased,citeseer,GCN,aps,SRGNN,0.1,0.7,0.1,0.6044 ± 0.0055,0.9027 ± 0.0004,3.4791 ± 0.0461,0.9528 ± 0.0004,4.3680 ± 0.0516,0.6044,3.4791,0.9027
biased,citeseer,GCN,aps,CJS,0.1,0.7,0.3,0.6009 ± 0.0058,0.9027 ± 0.0004,3.5188 ± 0.0568,0.9527 ± 0.0005,4.4068 ± 0.0366,0.6009,3.5188,0.9027
biased,citeseer,GCN,aps,CKL,0.1,0.7,0.3,0.6029 ± 0.0048,0.9027 ± 0.0004,3.4981 ± 0.0458,0.9528 ± 0.0004,4.4043 ± 0.0332,0.6029,3.4981,0.9027
biased,citeseer,GCN,aps,jsd,0.1,0.7,0.3,0.5852 ± 0.0082,0.9030 ± 0.0004,3.5886 ± 0.0523,0.9528 ± 0.0004,4.4328 ± 0.0367,0.5852,3.5886,0.903
biased,citeseer,GCN,aps,SRGNN,0.1,0.7,0.3,0.6037 ± 0.0071,0.9029 ± 0.0004,3.4924 ± 0.0628,0.9529 ± 0.0004,4.3890 ± 0.0489,0.6037,3.4924,0.9029
biased,citeseer,GCN,aps,CJS,0.1,0.7,0.5,0.6040 ± 0.0061,0.9026 ± 0.0004,3.4616 ± 0.0692,0.9528 ± 0.0003,4.3587 ± 0.0784,0.604,3.4616,0.9026
biased,citeseer,GCN,aps,CKL,0.1,0.7,0.5,0.6052 ± 0.0058,0.9025 ± 0.0005,3.4645 ± 0.0651,0.9528 ± 0.0004,4.3556 ± 0.0731,0.6052,3.4645,0.9025
biased,citeseer,GCN,aps,jsd,0.1,0.7,0.5,0.5876 ± 0.0063,0.9031 ± 0.0003,3.6091 ± 0.0726,0.9531 ± 0.0002,4.4392 ± 0.0572,0.5876,3.6091,0.9031
biased,citeseer,GCN,aps,SRGNN,0.1,0.7,0.5,0.6030 ± 0.0051,0.9028 ± 0.0004,3.5049 ± 0.0699,0.9528 ± 0.0004,4.3983 ± 0.0524,0.603,3.5049,0.9028
biased,citeseer,GCN,aps,CJS,0.1,0.7,0.7,0.6048 ± 0.0041,0.9027 ± 0.0005,3.4607 ± 0.0494,0.9529 ± 0.0005,4.3501 ± 0.0495,0.6048,3.4607,0.9027
biased,citeseer,GCN,aps,CKL,0.1,0.7,0.7,0.6020 ± 0.0087,0.9026 ± 0.0004,3.4615 ± 0.0686,0.9528 ± 0.0003,4.3525 ± 0.0708,0.602,3.4615,0.9026
biased,citeseer,GCN,aps,jsd,0.1,0.7,0.7,0.5884 ± 0.0083,0.9032 ± 0.0003,3.5694 ± 0.0610,0.9529 ± 0.0002,4.4163 ± 0.0415,0.5884,3.5694,0.9032
biased,citeseer,GCN,aps,SRGNN,0.1,0.7,0.7,0.6060 ± 0.0041,0.9025 ± 0.0005,3.4479 ± 0.0560,0.9529 ± 0.0004,4.3462 ± 0.0581,0.606,3.4479,0.9025
biased,citeseer,GCN,aps,cmd,0.1,0.7,0.0,0.6036 ± 0.0051,0.9027 ± 0.0003,3.4635 ± 0.0574,0.9529 ± 0.0003,4.3545 ± 0.0619,0.6036,3.4635,0.9027
biased,citeseer,GCN,aps,kld,0.1,0.7,0.0,0.5901 ± 0.0055,0.9032 ± 0.0003,3.5773 ± 0.0507,0.9530 ± 0.0003,4.4272 ± 0.0320,0.5901,3.5773,0.9032
biased,citeseer,GCN,aps,MMD,0.1,0.7,0.0,0.5858 ± 0.0077,0.9029 ± 0.0004,3.5947 ± 0.0808,0.9530 ± 0.0003,4.4363 ± 0.0515,0.5858,3.5947,0.9029
biased,citeseer,GCN,aps,CJS,0.1,0.7,1.0,0.6057 ± 0.0041,0.9024 ± 0.0004,3.4421 ± 0.0617,0.9527 ± 0.0003,4.3291 ± 0.0678,0.6057,3.4421,0.9024
biased,citeseer,GCN,aps,CKL,0.1,0.7,1.0,0.6038 ± 0.0054,0.9026 ± 0.0004,3.4681 ± 0.0659,0.9527 ± 0.0004,4.3758 ± 0.0627,0.6038,3.4681,0.9026
biased,citeseer,GCN,aps,jsd,0.1,0.7,1.0,0.5868 ± 0.0096,0.9031 ± 0.0003,3.6173 ± 0.0682,0.9530 ± 0.0003,4.4493 ± 0.0437,0.5868,3.6173,0.9031
biased,citeseer,GCN,aps,SRGNN,0.1,0.7,1.0,0.6048 ± 0.0049,0.9027 ± 0.0003,3.4801 ± 0.0496,0.9529 ± 0.0004,4.3746 ± 0.0561,0.6048,3.4801,0.9027
biased,citeseer,GCN,aps,CJS,0.1,1.0,0.1,0.6094 ± 0.0044,0.9026 ± 0.0004,3.4330 ± 0.0450,0.9530 ± 0.0003,4.3180 ± 0.0623,0.6094,3.433,0.9026
biased,citeseer,GCN,aps,CKL,0.1,1.0,0.1,0.6108 ± 0.0049,0.9024 ± 0.0005,3.4096 ± 0.0359,0.9530 ± 0.0005,4.3132 ± 0.0353,0.6108,3.4096,0.9024
biased,citeseer,GCN,aps,jsd,0.1,1.0,0.1,0.5880 ± 0.0071,0.9033 ± 0.0004,3.6045 ± 0.0491,0.9530 ± 0.0003,4.4431 ± 0.0409,0.588,3.6045,0.9033
biased,citeseer,GCN,aps,SRGNN,0.1,1.0,0.1,0.6077 ± 0.0055,0.9024 ± 0.0003,3.4324 ± 0.0612,0.9529 ± 0.0005,4.3259 ± 0.0715,0.6077,3.4324,0.9024
biased,citeseer,GCN,aps,CJS,0.1,1.0,0.3,0.6085 ± 0.0039,0.9025 ± 0.0005,3.4276 ± 0.0546,0.9531 ± 0.0003,4.3153 ± 0.0675,0.6085,3.4276,0.9025
biased,citeseer,GCN,aps,CKL,0.1,1.0,0.3,0.6075 ± 0.0062,0.9026 ± 0.0005,3.4387 ± 0.0504,0.9529 ± 0.0005,4.3220 ± 0.0700,0.6075,3.4387,0.9026
biased,citeseer,GCN,aps,jsd,0.1,1.0,0.3,0.5888 ± 0.0078,0.9029 ± 0.0003,3.5613 ± 0.0672,0.9530 ± 0.0003,4.4069 ± 0.0498,0.5888,3.5613,0.9029
biased,citeseer,GCN,aps,SRGNN,0.1,1.0,0.3,0.6043 ± 0.0068,0.9027 ± 0.0004,3.4668 ± 0.0610,0.9530 ± 0.0004,4.3630 ± 0.0657,0.6043,3.4668,0.9027
biased,citeseer,GCN,aps,CJS,0.1,1.0,0.5,0.6056 ± 0.0066,0.9024 ± 0.0003,3.4237 ± 0.0509,0.9527 ± 0.0006,4.3148 ± 0.0607,0.6056,3.4237,0.9024
biased,citeseer,GCN,aps,CKL,0.1,1.0,0.5,0.6065 ± 0.0065,0.9025 ± 0.0004,3.4301 ± 0.0638,0.9527 ± 0.0004,4.3220 ± 0.0616,0.6065,3.4301,0.9025
biased,citeseer,GCN,aps,jsd,0.1,1.0,0.5,0.5901 ± 0.0077,0.9030 ± 0.0004,3.5893 ± 0.0837,0.9530 ± 0.0004,4.4207 ± 0.0624,0.5901,3.5893,0.903
biased,citeseer,GCN,aps,SRGNN,0.1,1.0,0.5,0.6068 ± 0.0046,0.9025 ± 0.0004,3.4473 ± 0.0389,0.9526 ± 0.0003,4.3508 ± 0.0465,0.6068,3.4473,0.9025
biased,citeseer,GCN,aps,CJS,0.1,1.0,0.7,0.6117 ± 0.0050,0.9023 ± 0.0005,3.4008 ± 0.0408,0.9529 ± 0.0003,4.2766 ± 0.0681,0.6117,3.4008,0.9023
biased,citeseer,GCN,aps,CKL,0.1,1.0,0.7,0.6081 ± 0.0067,0.9026 ± 0.0004,3.4393 ± 0.0619,0.9529 ± 0.0003,4.3290 ± 0.0733,0.6081,3.4393,0.9026
biased,citeseer,GCN,aps,jsd,0.1,1.0,0.7,0.5862 ± 0.0065,0.9031 ± 0.0002,3.6064 ± 0.0347,0.9531 ± 0.0003,4.4438 ± 0.0300,0.5862,3.6064,0.9031
biased,citeseer,GCN,aps,SRGNN,0.1,1.0,0.7,0.6080 ± 0.0063,0.9027 ± 0.0004,3.4397 ± 0.0505,0.9530 ± 0.0004,4.3242 ± 0.0547,0.608,3.4397,0.9027
biased,citeseer,GCN,aps,biased(CE),0.1,1.0,0.0,0.5921 ± 0.0070,0.9031 ± 0.0004,3.5631 ± 0.0403,0.9530 ± 0.0003,4.4068 ± 0.0373,0.5921,3.5631,0.9031
biased,citeseer,GCN,aps,cmd,0.1,1.0,0.0,0.6088 ± 0.0036,0.9025 ± 0.0004,3.4478 ± 0.0558,0.9528 ± 0.0004,4.3426 ± 0.0706,0.6088,3.4478,0.9025
biased,citeseer,GCN,aps,kld,0.1,1.0,0.0,0.5857 ± 0.0061,0.9029 ± 0.0006,3.5841 ± 0.0801,0.9528 ± 0.0003,4.4213 ± 0.0656,0.5857,3.5841,0.9029
biased,citeseer,GCN,aps,MMD,0.1,1.0,0.0,0.5895 ± 0.0053,0.9031 ± 0.0003,3.5920 ± 0.0560,0.9530 ± 0.0003,4.4312 ± 0.0413,0.5895,3.592,0.9031
biased,citeseer,GCN,aps,CJS,0.1,1.0,1.0,0.6090 ± 0.0043,0.9026 ± 0.0004,3.4364 ± 0.0406,0.9529 ± 0.0005,4.3360 ± 0.0494,0.609,3.4364,0.9026
biased,citeseer,GCN,aps,CKL,0.1,1.0,1.0,0.6066 ± 0.0063,0.9024 ± 0.0002,3.4340 ± 0.0431,0.9528 ± 0.0003,4.3525 ± 0.0560,0.6066,3.434,0.9024
biased,citeseer,GCN,aps,jsd,0.1,1.0,1.0,0.5839 ± 0.0072,0.9029 ± 0.0003,3.6153 ± 0.0529,0.9529 ± 0.0003,4.4463 ± 0.0351,0.5839,3.6153,0.9029
biased,citeseer,GCN,aps,SRGNN,0.1,1.0,1.0,0.6088 ± 0.0072,0.9026 ± 0.0005,3.4428 ± 0.0375,0.9528 ± 0.0004,4.3448 ± 0.0553,0.6088,3.4428,0.9026
biased,citeseer,GraphSAGE,aps,CJS,0.1,0.1,0.1,0.6374 ± 0.0125,0.9018 ± 0.0009,3.0840 ± 0.0775,0.9516 ± 0.0007,4.1029 ± 0.1236,0.6374,3.084,0.9018
biased,citeseer,GraphSAGE,aps,CKL,0.1,0.1,0.1,0.6374 ± 0.0126,0.9016 ± 0.0007,3.0555 ± 0.1377,0.9516 ± 0.0007,4.0671 ± 0.1199,0.6374,3.0555,0.9016
biased,citeseer,GraphSAGE,aps,jsd,0.1,0.1,0.1,0.5990 ± 0.0114,0.9015 ± 0.0007,3.1152 ± 0.0971,0.9513 ± 0.0005,3.9576 ± 0.1306,0.599,3.1152,0.9015
biased,citeseer,GraphSAGE,aps,SRGNN,0.1,0.1,0.1,0.6360 ± 0.0092,0.9022 ± 0.0007,3.0724 ± 0.1025,0.9517 ± 0.0006,4.1058 ± 0.1034,0.636,3.0724,0.9022
biased,citeseer,GraphSAGE,aps,CJS,0.1,0.1,0.3,0.6384 ± 0.0126,0.9017 ± 0.0008,3.0820 ± 0.1051,0.9515 ± 0.0007,4.1342 ± 0.1119,0.6384,3.082,0.9017
biased,citeseer,GraphSAGE,aps,CKL,0.1,0.1,0.3,0.6405 ± 0.0115,0.9021 ± 0.0007,3.0897 ± 0.1248,0.9514 ± 0.0007,4.1311 ± 0.1484,0.6405,3.0897,0.9021
biased,citeseer,GraphSAGE,aps,jsd,0.1,0.1,0.3,0.6010 ± 0.0137,0.9014 ± 0.0005,3.1230 ± 0.1012,0.9513 ± 0.0005,4.0194 ± 0.1005,0.601,3.123,0.9014
biased,citeseer,GraphSAGE,aps,SRGNN,0.1,0.1,0.3,0.6369 ± 0.0129,0.9018 ± 0.0010,3.0738 ± 0.1189,0.9514 ± 0.0007,4.0924 ± 0.1136,0.6369,3.0738,0.9018
biased,citeseer,GraphSAGE,aps,CJS,0.1,0.1,0.5,0.6366 ± 0.0109,0.9020 ± 0.0007,3.0548 ± 0.1283,0.9515 ± 0.0005,4.0873 ± 0.1583,0.6366,3.0548,0.902
biased,citeseer,GraphSAGE,aps,CKL,0.1,0.1,0.5,0.6396 ± 0.0082,0.9026 ± 0.0007,3.0963 ± 0.1003,0.9515 ± 0.0005,4.1076 ± 0.1009,0.6396,3.0963,0.9026
biased,citeseer,GraphSAGE,aps,jsd,0.1,0.1,0.5,0.6108 ± 0.0163,0.9015 ± 0.0005,3.0618 ± 0.0732,0.9513 ± 0.0005,3.9181 ± 0.1059,0.6108,3.0618,0.9015
biased,citeseer,GraphSAGE,aps,SRGNN,0.1,0.1,0.5,0.6393 ± 0.0106,0.9022 ± 0.0007,3.1191 ± 0.1153,0.9516 ± 0.0006,4.1382 ± 0.1068,0.6393,3.1191,0.9022
biased,citeseer,GraphSAGE,aps,CJS,0.1,0.1,0.7,0.6345 ± 0.0153,0.9024 ± 0.0006,3.1012 ± 0.1273,0.9519 ± 0.0006,4.1263 ± 0.1345,0.6345,3.1012,0.9024
biased,citeseer,GraphSAGE,aps,CKL,0.1,0.1,0.7,0.6349 ± 0.0112,0.9022 ± 0.0008,3.0856 ± 0.0901,0.9517 ± 0.0006,4.1176 ± 0.0697,0.6349,3.0856,0.9022
biased,citeseer,GraphSAGE,aps,jsd,0.1,0.1,0.7,0.6026 ± 0.0118,0.9017 ± 0.0006,3.0966 ± 0.1246,0.9516 ± 0.0006,3.9498 ± 0.1436,0.6026,3.0966,0.9017
biased,citeseer,GraphSAGE,aps,SRGNN,0.1,0.1,0.7,0.6309 ± 0.0137,0.9021 ± 0.0008,3.0787 ± 0.1023,0.9513 ± 0.0007,4.0687 ± 0.1102,0.6309,3.0787,0.9021
biased,citeseer,GraphSAGE,aps,cmd,0.1,0.1,0.0,0.6377 ± 0.0117,0.9022 ± 0.0006,3.0641 ± 0.1011,0.9516 ± 0.0007,4.0748 ± 0.1332,0.6377,3.0641,0.9022
biased,citeseer,GraphSAGE,aps,kld,0.1,0.1,0.0,0.6049 ± 0.0136,0.9015 ± 0.0004,3.0839 ± 0.0867,0.9515 ± 0.0005,3.9839 ± 0.1540,0.6049,3.0839,0.9015
biased,citeseer,GraphSAGE,aps,MMD,0.1,0.1,0.0,0.6008 ± 0.0130,0.9014 ± 0.0005,3.1197 ± 0.1419,0.9514 ± 0.0005,3.9904 ± 0.1733,0.6008,3.1197,0.9014
biased,citeseer,GraphSAGE,aps,CJS,0.1,0.1,1.0,0.6382 ± 0.0085,0.9023 ± 0.0007,3.1317 ± 0.1178,0.9516 ± 0.0005,4.1431 ± 0.1156,0.6382,3.1317,0.9023
biased,citeseer,GraphSAGE,aps,CKL,0.1,0.1,1.0,0.6325 ± 0.0124,0.9022 ± 0.0010,3.1149 ± 0.1494,0.9515 ± 0.0007,4.1159 ± 0.1484,0.6325,3.1149,0.9022
biased,citeseer,GraphSAGE,aps,jsd,0.1,0.1,1.0,0.5932 ± 0.0118,0.9014 ± 0.0009,3.1343 ± 0.1296,0.9515 ± 0.0006,3.9892 ± 0.1545,0.5932,3.1343,0.9014
biased,citeseer,GraphSAGE,aps,SRGNN,0.1,0.1,1.0,0.6412 ± 0.0143,0.9023 ± 0.0006,3.0703 ± 0.1325,0.9516 ± 0.0005,4.0831 ± 0.1223,0.6412,3.0703,0.9023
biased,citeseer,GraphSAGE,aps,CJS,0.1,0.3,0.1,0.6374 ± 0.0100,0.9023 ± 0.0009,3.1663 ± 0.1241,0.9515 ± 0.0006,4.1538 ± 0.1746,0.6374,3.1663,0.9023
biased,citeseer,GraphSAGE,aps,CKL,0.1,0.3,0.1,0.6340 ± 0.0124,0.9019 ± 0.0011,3.1524 ± 0.1368,0.9516 ± 0.0006,4.1613 ± 0.1724,0.634,3.1524,0.9019
biased,citeseer,GraphSAGE,aps,jsd,0.1,0.3,0.1,0.6026 ± 0.0118,0.9014 ± 0.0006,3.0846 ± 0.0829,0.9516 ± 0.0006,3.9824 ± 0.1030,0.6026,3.0846,0.9014
biased,citeseer,GraphSAGE,aps,SRGNN,0.1,0.3,0.1,0.6355 ± 0.0115,0.9021 ± 0.0007,3.1475 ± 0.1046,0.9515 ± 0.0006,4.1681 ± 0.1474,0.6355,3.1475,0.9021
biased,citeseer,GraphSAGE,aps,CJS,0.1,0.3,0.3,0.6340 ± 0.0074,0.9021 ± 0.0010,3.1812 ± 0.0807,0.9517 ± 0.0007,4.1993 ± 0.1229,0.634,3.1812,0.9021
biased,citeseer,GraphSAGE,aps,CKL,0.1,0.3,0.3,0.6277 ± 0.0132,0.9020 ± 0.0008,3.1781 ± 0.1437,0.9514 ± 0.0006,4.1999 ± 0.1623,0.6277,3.1781,0.902
biased,citeseer,GraphSAGE,aps,jsd,0.1,0.3,0.3,0.5970 ± 0.0147,0.9013 ± 0.0007,3.0661 ± 0.0947,0.9514 ± 0.0004,3.9178 ± 0.1140,0.597,3.0661,0.9013
biased,citeseer,GraphSAGE,aps,SRGNN,0.1,0.3,0.3,0.6323 ± 0.0119,0.9019 ± 0.0006,3.1509 ± 0.1575,0.9516 ± 0.0007,4.1476 ± 0.1624,0.6323,3.1509,0.9019
biased,citeseer,GraphSAGE,aps,CJS,0.1,0.3,0.5,0.6324 ± 0.0124,0.9024 ± 0.0008,3.1843 ± 0.1386,0.9515 ± 0.0005,4.1880 ± 0.1416,0.6324,3.1843,0.9024
biased,citeseer,GraphSAGE,aps,CKL,0.1,0.3,0.5,0.6343 ± 0.0149,0.9022 ± 0.0008,3.1120 ± 0.1691,0.9517 ± 0.0006,4.1311 ± 0.1773,0.6343,3.112,0.9022
biased,citeseer,GraphSAGE,aps,jsd,0.1,0.3,0.5,0.5983 ± 0.0124,0.9018 ± 0.0005,3.1558 ± 0.1220,0.9515 ± 0.0006,4.0108 ± 0.1380,0.5983,3.1558,0.9018
biased,citeseer,GraphSAGE,aps,SRGNN,0.1,0.3,0.5,0.6300 ± 0.0124,0.9024 ± 0.0009,3.1992 ± 0.1567,0.9517 ± 0.0006,4.2118 ± 0.1685,0.63,3.1992,0.9024
biased,citeseer,GraphSAGE,aps,CJS,0.1,0.3,0.7,0.6320 ± 0.0139,0.9018 ± 0.0009,3.1500 ± 0.1478,0.9514 ± 0.0009,4.1488 ± 0.1339,0.632,3.15,0.9018
biased,citeseer,GraphSAGE,aps,CKL,0.1,0.3,0.7,0.6311 ± 0.0178,0.9022 ± 0.0008,3.1666 ± 0.1757,0.9517 ± 0.0007,4.1522 ± 0.1707,0.6311,3.1666,0.9022
biased,citeseer,GraphSAGE,aps,jsd,0.1,0.3,0.7,0.6039 ± 0.0143,0.9014 ± 0.0007,3.1363 ± 0.1229,0.9513 ± 0.0005,4.0214 ± 0.1443,0.6039,3.1363,0.9014
biased,citeseer,GraphSAGE,aps,SRGNN,0.1,0.3,0.7,0.6348 ± 0.0110,0.9022 ± 0.0009,3.1559 ± 0.1033,0.9515 ± 0.0006,4.1197 ± 0.1230,0.6348,3.1559,0.9022
biased,citeseer,GraphSAGE,aps,cmd,0.1,0.3,0.0,0.6305 ± 0.0170,0.9019 ± 0.0008,3.0722 ± 0.1450,0.9513 ± 0.0007,4.0525 ± 0.1862,0.6305,3.0722,0.9019
biased,citeseer,GraphSAGE,aps,kld,0.1,0.3,0.0,0.5995 ± 0.0135,0.9015 ± 0.0003,3.0826 ± 0.1106,0.9513 ± 0.0005,3.9475 ± 0.1767,0.5995,3.0826,0.9015
biased,citeseer,GraphSAGE,aps,MMD,0.1,0.3,0.0,0.5999 ± 0.0128,0.9017 ± 0.0006,3.1302 ± 0.0753,0.9513 ± 0.0005,4.0373 ± 0.1490,0.5999,3.1302,0.9017
biased,citeseer,GraphSAGE,aps,CJS,0.1,0.3,1.0,0.6334 ± 0.0078,0.9021 ± 0.0008,3.1276 ± 0.0901,0.9515 ± 0.0006,4.1160 ± 0.1017,0.6334,3.1276,0.9021
biased,citeseer,GraphSAGE,aps,CKL,0.1,0.3,1.0,0.6355 ± 0.0131,0.9021 ± 0.0007,3.1622 ± 0.1333,0.9516 ± 0.0007,4.1875 ± 0.1232,0.6355,3.1622,0.9021
biased,citeseer,GraphSAGE,aps,jsd,0.1,0.3,1.0,0.5996 ± 0.0163,0.9017 ± 0.0007,3.1400 ± 0.1389,0.9515 ± 0.0006,4.0294 ± 0.1934,0.5996,3.14,0.9017
biased,citeseer,GraphSAGE,aps,SRGNN,0.1,0.3,1.0,0.6351 ± 0.0173,0.9019 ± 0.0006,3.1496 ± 0.1519,0.9518 ± 0.0006,4.1910 ± 0.1388,0.6351,3.1496,0.9019
biased,citeseer,GraphSAGE,aps,CJS,0.1,0.5,0.1,0.6254 ± 0.0160,0.9016 ± 0.0010,3.2008 ± 0.1108,0.9513 ± 0.0007,4.2104 ± 0.1553,0.6254,3.2008,0.9016
biased,citeseer,GraphSAGE,aps,CKL,0.1,0.5,0.1,0.6275 ± 0.0099,0.9019 ± 0.0012,3.2945 ± 0.2145,0.9514 ± 0.0010,4.2985 ± 0.2477,0.6275,3.2945,0.9019
biased,citeseer,GraphSAGE,aps,jsd,0.1,0.5,0.1,0.6037 ± 0.0158,0.9016 ± 0.0006,3.0916 ± 0.1055,0.9512 ± 0.0005,3.9315 ± 0.1308,0.6037,3.0916,0.9016
biased,citeseer,GraphSAGE,aps,SRGNN,0.1,0.5,0.1,0.6322 ± 0.0121,0.9020 ± 0.0006,3.2070 ± 0.1250,0.9515 ± 0.0007,4.2166 ± 0.1284,0.6322,3.207,0.902
biased,citeseer,GraphSAGE,aps,CJS,0.1,0.5,0.3,0.6287 ± 0.0124,0.9019 ± 0.0009,3.1995 ± 0.1668,0.9515 ± 0.0009,4.1621 ± 0.1229,0.6287,3.1995,0.9019
biased,citeseer,GraphSAGE,aps,CKL,0.1,0.5,0.3,0.6281 ± 0.0126,0.9022 ± 0.0010,3.2695 ± 0.1858,0.9516 ± 0.0009,4.2665 ± 0.2038,0.6281,3.2695,0.9022
biased,citeseer,GraphSAGE,aps,jsd,0.1,0.5,0.3,0.6044 ± 0.0138,0.9016 ± 0.0005,3.1154 ± 0.1271,0.9512 ± 0.0005,3.9918 ± 0.2032,0.6044,3.1154,0.9016
biased,citeseer,GraphSAGE,aps,SRGNN,0.1,0.5,0.3,0.6292 ± 0.0147,0.9021 ± 0.0010,3.1573 ± 0.1318,0.9516 ± 0.0006,4.1558 ± 0.1262,0.6292,3.1573,0.9021
biased,citeseer,GraphSAGE,aps,CJS,0.1,0.5,0.5,0.6276 ± 0.0188,0.9019 ± 0.0010,3.2327 ± 0.1486,0.9514 ± 0.0006,4.2556 ± 0.1527,0.6276,3.2327,0.9019
biased,citeseer,GraphSAGE,aps,CKL,0.1,0.5,0.5,0.6296 ± 0.0124,0.9021 ± 0.0007,3.1941 ± 0.1503,0.9514 ± 0.0005,4.1712 ± 0.1586,0.6296,3.1941,0.9021
biased,citeseer,GraphSAGE,aps,jsd,0.1,0.5,0.5,0.5978 ± 0.0178,0.9014 ± 0.0005,3.0923 ± 0.1075,0.9512 ± 0.0005,3.9602 ± 0.1645,0.5978,3.0923,0.9014
biased,citeseer,GraphSAGE,aps,SRGNN,0.1,0.5,0.5,0.6271 ± 0.0123,0.9016 ± 0.0010,3.1376 ± 0.1880,0.9513 ± 0.0006,4.1368 ± 0.2162,0.6271,3.1376,0.9016
biased,citeseer,GraphSAGE,aps,CJS,0.1,0.5,0.7,0.6245 ± 0.0108,0.9018 ± 0.0009,3.2521 ± 0.1232,0.9513 ± 0.0007,4.2534 ± 0.1620,0.6245,3.2521,0.9018
biased,citeseer,GraphSAGE,aps,CKL,0.1,0.5,0.7,0.6264 ± 0.0147,0.9019 ± 0.0009,3.1477 ± 0.1087,0.9514 ± 0.0009,4.1451 ± 0.1618,0.6264,3.1477,0.9019
biased,citeseer,GraphSAGE,aps,jsd,0.1,0.5,0.7,0.5983 ± 0.0188,0.9013 ± 0.0006,3.1091 ± 0.1113,0.9513 ± 0.0005,3.9796 ± 0.1399,0.5983,3.1091,0.9013
biased,citeseer,GraphSAGE,aps,SRGNN,0.1,0.5,0.7,0.6254 ± 0.0238,0.9023 ± 0.0008,3.1921 ± 0.1638,0.9516 ± 0.0007,4.1961 ± 0.1606,0.6254,3.1921,0.9023
biased,citeseer,GraphSAGE,aps,cmd,0.1,0.5,0.0,0.6310 ± 0.0117,0.9020 ± 0.0008,3.1934 ± 0.1834,0.9517 ± 0.0006,4.2312 ± 0.1971,0.631,3.1934,0.902
biased,citeseer,GraphSAGE,aps,kld,0.1,0.5,0.0,0.6010 ± 0.0129,0.9016 ± 0.0007,3.1443 ± 0.1536,0.9514 ± 0.0007,4.0306 ± 0.1849,0.601,3.1443,0.9016
biased,citeseer,GraphSAGE,aps,MMD,0.1,0.5,0.0,0.6043 ± 0.0163,0.9013 ± 0.0004,3.1030 ± 0.0942,0.9513 ± 0.0006,3.9744 ± 0.1120,0.6043,3.103,0.9013
biased,citeseer,GraphSAGE,aps,CJS,0.1,0.5,1.0,0.6295 ± 0.0227,0.9020 ± 0.0009,3.1776 ± 0.2252,0.9514 ± 0.0007,4.1641 ± 0.1488,0.6295,3.1776,0.902
biased,citeseer,GraphSAGE,aps,CKL,0.1,0.5,1.0,0.6308 ± 0.0110,0.9018 ± 0.0011,3.1709 ± 0.1034,0.9515 ± 0.0006,4.1955 ± 0.1244,0.6308,3.1709,0.9018
biased,citeseer,GraphSAGE,aps,jsd,0.1,0.5,1.0,0.5988 ± 0.0139,0.9016 ± 0.0007,3.0787 ± 0.0846,0.9514 ± 0.0005,3.9408 ± 0.1600,0.5988,3.0787,0.9016
biased,citeseer,GraphSAGE,aps,SRGNN,0.1,0.5,1.0,0.6311 ± 0.0138,0.9018 ± 0.0010,3.1991 ± 0.0866,0.9517 ± 0.0009,4.1854 ± 0.0889,0.6311,3.1991,0.9018
biased,citeseer,GraphSAGE,aps,CJS,0.1,0.7,0.1,0.6187 ± 0.0217,0.9019 ± 0.0008,3.2391 ± 0.1939,0.9518 ± 0.0006,4.2231 ± 0.1792,0.6187,3.2391,0.9019
biased,citeseer,GraphSAGE,aps,CKL,0.1,0.7,0.1,0.6213 ± 0.0141,0.9018 ± 0.0009,3.2958 ± 0.2174,0.9515 ± 0.0007,4.2946 ± 0.2317,0.6213,3.2958,0.9018
biased,citeseer,GraphSAGE,aps,jsd,0.1,0.7,0.1,0.5950 ± 0.0114,0.9016 ± 0.0007,3.1311 ± 0.0875,0.9513 ± 0.0004,3.9940 ± 0.1347,0.595,3.1311,0.9016
biased,citeseer,GraphSAGE,aps,SRGNN,0.1,0.7,0.1,0.6138 ± 0.0191,0.9020 ± 0.0007,3.2777 ± 0.2474,0.9518 ± 0.0008,4.2463 ± 0.2139,0.6138,3.2777,0.902
biased,citeseer,GraphSAGE,aps,CJS,0.1,0.7,0.3,0.6273 ± 0.0180,0.9024 ± 0.0007,3.2035 ± 0.1809,0.9517 ± 0.0008,4.1981 ± 0.1816,0.6273,3.2035,0.9024
biased,citeseer,GraphSAGE,aps,CKL,0.1,0.7,0.3,0.6331 ± 0.0160,0.9016 ± 0.0009,3.1255 ± 0.1213,0.9513 ± 0.0007,4.1155 ± 0.1824,0.6331,3.1255,0.9016
biased,citeseer,GraphSAGE,aps,jsd,0.1,0.7,0.3,0.6005 ± 0.0144,0.9017 ± 0.0007,3.1481 ± 0.0920,0.9513 ± 0.0005,4.0260 ± 0.1339,0.6005,3.1481,0.9017
biased,citeseer,GraphSAGE,aps,SRGNN,0.1,0.7,0.3,0.6271 ± 0.0143,0.9020 ± 0.0007,3.2336 ± 0.1832,0.9516 ± 0.0005,4.2406 ± 0.2008,0.6271,3.2336,0.902
biased,citeseer,GraphSAGE,aps,CJS,0.1,0.7,0.5,0.6285 ± 0.0187,0.9020 ± 0.0008,3.2919 ± 0.2088,0.9515 ± 0.0006,4.2835 ± 0.1967,0.6285,3.2919,0.902
biased,citeseer,GraphSAGE,aps,CKL,0.1,0.7,0.5,0.6265 ± 0.0219,0.9018 ± 0.0006,3.1998 ± 0.2065,0.9515 ± 0.0008,4.1373 ± 0.2101,0.6265,3.1998,0.9018
biased,citeseer,GraphSAGE,aps,jsd,0.1,0.7,0.5,0.6083 ± 0.0101,0.9014 ± 0.0005,3.0946 ± 0.0854,0.9513 ± 0.0006,3.9583 ± 0.1234,0.6083,3.0946,0.9014
biased,citeseer,GraphSAGE,aps,SRGNN,0.1,0.7,0.5,0.6257 ± 0.0182,0.9024 ± 0.0008,3.2263 ± 0.1816,0.9518 ± 0.0007,4.2098 ± 0.1705,0.6257,3.2263,0.9024
biased,citeseer,GraphSAGE,aps,CJS,0.1,0.7,0.7,0.6273 ± 0.0140,0.9020 ± 0.0010,3.2908 ± 0.1444,0.9516 ± 0.0008,4.3437 ± 0.2172,0.6273,3.2908,0.902
biased,citeseer,GraphSAGE,aps,CKL,0.1,0.7,0.7,0.6161 ± 0.0206,0.9022 ± 0.0008,3.2482 ± 0.1617,0.9516 ± 0.0008,4.2061 ± 0.1828,0.6161,3.2482,0.9022
biased,citeseer,GraphSAGE,aps,jsd,0.1,0.7,0.7,0.6025 ± 0.0134,0.9017 ± 0.0005,3.1541 ± 0.1251,0.9516 ± 0.0004,4.0195 ± 0.1517,0.6025,3.1541,0.9017
biased,citeseer,GraphSAGE,aps,SRGNN,0.1,0.7,0.7,0.6110 ± 0.0252,0.9024 ± 0.0007,3.3371 ± 0.1453,0.9519 ± 0.0004,4.3036 ± 0.1409,0.611,3.3371,0.9024
biased,citeseer,GraphSAGE,aps,cmd,0.1,0.7,0.0,0.6293 ± 0.0074,0.9019 ± 0.0008,3.2801 ± 0.1911,0.9517 ± 0.0008,4.3171 ± 0.2534,0.6293,3.2801,0.9019
biased,citeseer,GraphSAGE,aps,kld,0.1,0.7,0.0,0.6029 ± 0.0119,0.9018 ± 0.0007,3.1254 ± 0.0782,0.9514 ± 0.0005,4.0166 ± 0.1296,0.6029,3.1254,0.9018
biased,citeseer,GraphSAGE,aps,MMD,0.1,0.7,0.0,0.6003 ± 0.0164,0.9018 ± 0.0008,3.1455 ± 0.1290,0.9513 ± 0.0005,4.0604 ± 0.2096,0.6003,3.1455,0.9018
biased,citeseer,GraphSAGE,aps,CJS,0.1,0.7,1.0,0.6249 ± 0.0140,0.9022 ± 0.0008,3.3167 ± 0.2440,0.9518 ± 0.0008,4.3042 ± 0.2599,0.6249,3.3167,0.9022
biased,citeseer,GraphSAGE,aps,CKL,0.1,0.7,1.0,0.6186 ± 0.0171,0.9019 ± 0.0007,3.2987 ± 0.2999,0.9521 ± 0.0022,4.2730 ± 0.3174,0.6186,3.2987,0.9019
biased,citeseer,GraphSAGE,aps,jsd,0.1,0.7,1.0,0.6034 ± 0.0115,0.9015 ± 0.0005,3.1358 ± 0.1001,0.9514 ± 0.0003,4.0004 ± 0.1418,0.6034,3.1358,0.9015
biased,citeseer,GraphSAGE,aps,SRGNN,0.1,0.7,1.0,0.6141 ± 0.0282,0.9017 ± 0.0008,3.3377 ± 0.2353,0.9515 ± 0.0007,4.3150 ± 0.1758,0.6141,3.3377,0.9017
biased,citeseer,GraphSAGE,aps,CJS,0.1,1.0,0.1,0.6137 ± 0.0276,0.9019 ± 0.0009,3.3568 ± 0.2911,0.9517 ± 0.0007,4.3412 ± 0.3020,0.6137,3.3568,0.9019
biased,citeseer,GraphSAGE,aps,CKL,0.1,1.0,0.1,0.6118 ± 0.0234,0.9018 ± 0.0009,3.3235 ± 0.1935,0.9515 ± 0.0008,4.3221 ± 0.2153,0.6118,3.3235,0.9018
biased,citeseer,GraphSAGE,aps,jsd,0.1,1.0,0.1,0.5994 ± 0.0104,0.9014 ± 0.0006,3.1276 ± 0.0767,0.9513 ± 0.0005,4.0150 ± 0.1069,0.5994,3.1276,0.9014
biased,citeseer,GraphSAGE,aps,SRGNN,0.1,1.0,0.1,0.6244 ± 0.0201,0.9018 ± 0.0009,3.2333 ± 0.1557,0.9515 ± 0.0005,4.2035 ± 0.1765,0.6244,3.2333,0.9018
biased,citeseer,GraphSAGE,aps,CJS,0.1,1.0,0.3,0.6216 ± 0.0282,0.9021 ± 0.0008,3.3417 ± 0.3196,0.9521 ± 0.0018,4.3359 ± 0.3726,0.6216,3.3417,0.9021
biased,citeseer,GraphSAGE,aps,CKL,0.1,1.0,0.3,0.6203 ± 0.0169,0.9019 ± 0.0009,3.3597 ± 0.2727,0.9517 ± 0.0009,4.3286 ± 0.2385,0.6203,3.3597,0.9019
biased,citeseer,GraphSAGE,aps,jsd,0.1,1.0,0.3,0.6000 ± 0.0107,0.9014 ± 0.0006,3.1110 ± 0.0912,0.9512 ± 0.0006,3.9744 ± 0.1223,0.6,3.111,0.9014
biased,citeseer,GraphSAGE,aps,SRGNN,0.1,1.0,0.3,0.6139 ± 0.0209,0.9019 ± 0.0010,3.3141 ± 0.2248,0.9516 ± 0.0006,4.2404 ± 0.1821,0.6139,3.3141,0.9019
biased,citeseer,GraphSAGE,aps,CJS,0.1,1.0,0.5,0.6111 ± 0.0226,0.9019 ± 0.0009,3.3329 ± 0.1558,0.9516 ± 0.0008,4.2775 ± 0.1472,0.6111,3.3329,0.9019
biased,citeseer,GraphSAGE,aps,CKL,0.1,1.0,0.5,0.6018 ± 0.0264,0.9020 ± 0.0008,3.4280 ± 0.3290,0.9517 ± 0.0006,4.3550 ± 0.2729,0.6018,3.428,0.902
biased,citeseer,GraphSAGE,aps,jsd,0.1,1.0,0.5,0.6039 ± 0.0166,0.9018 ± 0.0005,3.1416 ± 0.1218,0.9515 ± 0.0006,4.0206 ± 0.1485,0.6039,3.1416,0.9018
biased,citeseer,GraphSAGE,aps,SRGNN,0.1,1.0,0.5,0.6100 ± 0.0224,0.9023 ± 0.0008,3.3954 ± 0.2216,0.9517 ± 0.0006,4.3385 ± 0.2022,0.61,3.3954,0.9023
biased,citeseer,GraphSAGE,aps,CJS,0.1,1.0,0.7,0.6144 ± 0.0302,0.9017 ± 0.0008,3.3022 ± 0.1430,0.9511 ± 0.0006,4.3120 ± 0.1726,0.6144,3.3022,0.9017
biased,citeseer,GraphSAGE,aps,CKL,0.1,1.0,0.7,0.6210 ± 0.0273,0.9020 ± 0.0008,3.2746 ± 0.2430,0.9516 ± 0.0006,4.2417 ± 0.2209,0.621,3.2746,0.902
biased,citeseer,GraphSAGE,aps,jsd,0.1,1.0,0.7,0.5987 ± 0.0143,0.9015 ± 0.0005,3.1032 ± 0.0866,0.9513 ± 0.0007,3.9642 ± 0.1071,0.5987,3.1032,0.9015
biased,citeseer,GraphSAGE,aps,SRGNN,0.1,1.0,0.7,0.5996 ± 0.0750,0.9025 ± 0.0011,3.4193 ± 0.3398,0.9532 ± 0.0046,4.3935 ± 0.3901,0.5996,3.4193,0.9025
biased,citeseer,GraphSAGE,aps,biased(CE),0.1,1.0,0.0,0.6124 ± 0.0115,0.9015 ± 0.0005,3.0844 ± 0.1002,0.9513 ± 0.0004,3.9361 ± 0.1430,0.6124,3.0844,0.9015
biased,citeseer,GraphSAGE,aps,cmd,0.1,1.0,0.0,0.6155 ± 0.0192,0.9019 ± 0.0011,3.2876 ± 0.1314,0.9514 ± 0.0008,4.2312 ± 0.1187,0.6155,3.2876,0.9019
biased,citeseer,GraphSAGE,aps,kld,0.1,1.0,0.0,0.5926 ± 0.0108,0.9013 ± 0.0007,3.1028 ± 0.0760,0.9513 ± 0.0005,4.0094 ± 0.1223,0.5926,3.1028,0.9013
biased,citeseer,GraphSAGE,aps,MMD,0.1,1.0,0.0,0.5925 ± 0.0155,0.9018 ± 0.0005,3.1839 ± 0.1412,0.9515 ± 0.0005,4.0502 ± 0.1816,0.5925,3.1839,0.9018
biased,citeseer,GraphSAGE,aps,CJS,0.1,1.0,1.0,0.6259 ± 0.0202,0.9021 ± 0.0007,3.2620 ± 0.1678,0.9516 ± 0.0004,4.2821 ± 0.2026,0.6259,3.262,0.9021
biased,citeseer,GraphSAGE,aps,CKL,0.1,1.0,1.0,0.6205 ± 0.0152,0.9019 ± 0.0010,3.3002 ± 0.1838,0.9517 ± 0.0006,4.2458 ± 0.1577,0.6205,3.3002,0.9019
biased,citeseer,GraphSAGE,aps,jsd,0.1,1.0,1.0,0.6020 ± 0.0135,0.9015 ± 0.0007,3.1080 ± 0.0709,0.9513 ± 0.0003,3.9769 ± 0.1145,0.602,3.108,0.9015
biased,citeseer,GraphSAGE,aps,SRGNN,0.1,1.0,1.0,0.6175 ± 0.0216,0.9020 ± 0.0009,3.2390 ± 0.1785,0.9517 ± 0.0007,4.2014 ± 0.1478,0.6175,3.239,0.902
unbiased,citeseer,APPNP,aps,IID,1.0,0.0,0.0,0.6901 ± 0.0154,0.9007 ± 0.0008,3.1048 ± 0.0521,0.9504 ± 0.0007,3.8886 ± 0.0836,0.6901,3.1048,0.9007
unbiased,citeseer,DAGNN,aps,IID,1.0,0.0,0.0,0.6713 ± 0.0341,0.9020 ± 0.0004,3.7402 ± 0.1415,0.9518 ± 0.0020,4.3314 ± 0.2691,0.6713,3.7402,0.902
unbiased,citeseer,GAT,aps,IID,1.0,0.0,0.0,0.6901 ± 0.0072,0.9011 ± 0.0009,2.8967 ± 0.0401,0.9505 ± 0.0007,3.6573 ± 0.0703,0.6901,2.8967,0.9011
unbiased,citeseer,GCN,aps,IID,1.0,0.0,0.0,0.7030 ± 0.0027,0.9009 ± 0.0006,3.0117 ± 0.0313,0.9505 ± 0.0002,3.6510 ± 0.0593,0.703,3.0117,0.9009
unbiased,citeseer,GraphSAGE,aps,IID,1.0,0.0,0.0,0.6971 ± 0.0054,0.9004 ± 0.0007,2.8921 ± 0.0592,0.9505 ± 0.0006,3.6456 ± 0.0857,0.6971,2.8921,0.9004
